{
  "ansible": {
    "issue": {
      "max": 1058, 
      "mean": 236.21998166819432, 
      "median": 209.0, 
      "min": -1, 
      "std": 173.40523105196868
    }, 
    "pullrequest": {
      "max": 808, 
      "mean": 212.86885245901638, 
      "median": 166.0, 
      "min": -1, 
      "std": 179.83518772508455
    }
  }, 
  "ansible-modules-core": {
    "issue": {
      "max": 731, 
      "mean": 269.74639423076923, 
      "median": 232.5, 
      "min": -1, 
      "std": 204.67033615407365
    }, 
    "pullrequest": {
      "max": 724, 
      "mean": 150.12426035502958, 
      "median": 112.5, 
      "min": 0, 
      "std": 138.41055451367964
    }
  }, 
  "ansible-modules-extras": {
    "issue": {
      "max": 714, 
      "mean": 208.93624161073825, 
      "median": 186.5, 
      "min": 0, 
      "std": 163.45817958052925
    }, 
    "pullrequest": {
      "max": 729, 
      "mean": 157.35522388059701, 
      "median": 125.0, 
      "min": 0, 
      "std": 151.5025119574837
    }
  }
}