{
  "ansible": {
    "issue": {
      "max": 1091, 
      "mean": 249.06500445235974, 
      "median": 227.0, 
      "min": 0, 
      "std": 175.67941197599282
    }, 
    "pullrequest": {
      "max": 840, 
      "mean": 213.65021459227466, 
      "median": 161.0, 
      "min": -1, 
      "std": 187.08867320494005
    }
  }, 
  "ansible-modules-core": {
    "issue": {
      "max": 763, 
      "mean": 261.25632183908044, 
      "median": 230.0, 
      "min": 0, 
      "std": 213.03300116759169
    }, 
    "pullrequest": {
      "max": 756, 
      "mean": 168.99421965317919, 
      "median": 138.0, 
      "min": 0, 
      "std": 145.76235695978568
    }
  }, 
  "ansible-modules-extras": {
    "issue": {
      "max": 746, 
      "mean": 214.73248407643311, 
      "median": 192.0, 
      "min": -1, 
      "std": 173.28726498485477
    }, 
    "pullrequest": {
      "max": 762, 
      "mean": 145.66575342465754, 
      "median": 103.0, 
      "min": 0, 
      "std": 148.36849000772395
    }
  }
}