{
  "ansible": {
    "issue": {
      "max": 1090, 
      "mean": 253.35216240070608, 
      "median": 228.0, 
      "min": 0, 
      "std": 179.81054678085323
    }, 
    "pullrequest": {
      "max": 839, 
      "mean": 215.89978213507626, 
      "median": 164.0, 
      "min": 1, 
      "std": 186.58488748986062
    }
  }, 
  "ansible-modules-core": {
    "issue": {
      "max": 762, 
      "mean": 261.80809248554914, 
      "median": 234.0, 
      "min": 0, 
      "std": 212.6282384721826
    }, 
    "pullrequest": {
      "max": 755, 
      "mean": 171.48672566371681, 
      "median": 140.0, 
      "min": 1, 
      "std": 145.14387826916172
    }
  }, 
  "ansible-modules-extras": {
    "issue": {
      "max": 745, 
      "mean": 215.7620578778135, 
      "median": 193.0, 
      "min": 2, 
      "std": 172.78952488758594
    }, 
    "pullrequest": {
      "max": 761, 
      "mean": 144.63287671232877, 
      "median": 102.0, 
      "min": 0, 
      "std": 148.34924366913361
    }
  }
}