{
  "ansible": {
    "issue": {
      "max": 1078, 
      "mean": 247.62062780269059, 
      "median": 221.0, 
      "min": 0, 
      "std": 177.6538240197591
    }, 
    "pullrequest": {
      "max": 827, 
      "mean": 208.0, 
      "median": 155.0, 
      "min": 0, 
      "std": 185.39136168993232
    }
  }, 
  "ansible-modules-core": {
    "issue": {
      "max": 750, 
      "mean": 263.55082742316785, 
      "median": 231.0, 
      "min": 0, 
      "std": 209.3354319428301
    }, 
    "pullrequest": {
      "max": 743, 
      "mean": 168.30182926829269, 
      "median": 132.0, 
      "min": 0, 
      "std": 141.73187412503668
    }
  }, 
  "ansible-modules-extras": {
    "issue": {
      "max": 733, 
      "mean": 212.18506493506493, 
      "median": 184.0, 
      "min": -1, 
      "std": 169.6140045991622
    }, 
    "pullrequest": {
      "max": 749, 
      "mean": 148.95584415584415, 
      "median": 105.0, 
      "min": 0, 
      "std": 152.92181390221782
    }
  }
}