{
  "ansible": {
    "issue": {
      "max": 1070, 
      "mean": 243.06781193490053, 
      "median": 216.0, 
      "min": 0, 
      "std": 176.3611695597572
    }, 
    "pullrequest": {
      "max": 820, 
      "mean": 213.32579185520362, 
      "median": 172.0, 
      "min": -1, 
      "std": 183.05206023313335
    }
  }, 
  "ansible-modules-core": {
    "issue": {
      "max": 743, 
      "mean": 265.79975728155341, 
      "median": 232.0, 
      "min": 0, 
      "std": 206.86142810305233
    }, 
    "pullrequest": {
      "max": 736, 
      "mean": 163.54711246200608, 
      "median": 126.0, 
      "min": 0, 
      "std": 140.24402874292048
    }
  }, 
  "ansible-modules-extras": {
    "issue": {
      "max": 726, 
      "mean": 217.23208191126281, 
      "median": 190.0, 
      "min": 1, 
      "std": 166.74103911255497
    }, 
    "pullrequest": {
      "max": 741, 
      "mean": 153.43296089385476, 
      "median": 117.0, 
      "min": 0, 
      "std": 152.42041508907474
    }
  }
}