{
  "ansible": {
    "issue": {
      "max": 1084, 
      "mean": 252.6057347670251, 
      "median": 227.0, 
      "min": 0, 
      "std": 178.04184429051202
    }, 
    "pullrequest": {
      "max": 833, 
      "mean": 213.05228758169935, 
      "median": 161.0, 
      "min": 0, 
      "std": 187.21638678148989
    }
  }, 
  "ansible-modules-core": {
    "issue": {
      "max": 756, 
      "mean": 263.89774078478001, 
      "median": 234.0, 
      "min": 0, 
      "std": 210.60054327949041
    }, 
    "pullrequest": {
      "max": 749, 
      "mean": 170.5090909090909, 
      "median": 136.0, 
      "min": 0, 
      "std": 143.91544732224347
    }
  }, 
  "ansible-modules-extras": {
    "issue": {
      "max": 739, 
      "mean": 216.93181818181819, 
      "median": 190.0, 
      "min": 0, 
      "std": 170.89851898948135
    }, 
    "pullrequest": {
      "max": 755, 
      "mean": 151.91450777202073, 
      "median": 109.0, 
      "min": 0, 
      "std": 154.26963289670505
    }
  }
}