{
  "ansible": {
    "issue": {
      "max": 1058, 
      "mean": 236.5377532228361, 
      "median": 208.5, 
      "min": 0, 
      "std": 172.96038984932488
    }, 
    "pullrequest": {
      "max": 807, 
      "mean": 216.96904761904761, 
      "median": 168.5, 
      "min": -1, 
      "std": 179.541231486962
    }
  }, 
  "ansible-modules-core": {
    "issue": {
      "max": 730, 
      "mean": 271.24969696969697, 
      "median": 236.0, 
      "min": -1, 
      "std": 203.90891181625679
    }, 
    "pullrequest": {
      "max": 723, 
      "mean": 149.59292035398229, 
      "median": 112.0, 
      "min": -1, 
      "std": 138.34474299546181
    }
  }, 
  "ansible-modules-extras": {
    "issue": {
      "max": 713, 
      "mean": 208.03020134228188, 
      "median": 185.5, 
      "min": 0, 
      "std": 163.45186603614445
    }, 
    "pullrequest": {
      "max": 729, 
      "mean": 159.06948640483384, 
      "median": 126.0, 
      "min": -1, 
      "std": 151.17626815679361
    }
  }
}