{
  "ansible": {
    "issue": {
      "max": 1060, 
      "mean": 237.97800183318057, 
      "median": 210.0, 
      "min": 0, 
      "std": 173.57374137735337
    }, 
    "pullrequest": {
      "max": 810, 
      "mean": 213.17798594847775, 
      "median": 167.0, 
      "min": 0, 
      "std": 180.70874306416718
    }
  }, 
  "ansible-modules-core": {
    "issue": {
      "max": 732, 
      "mean": 270.01678657074342, 
      "median": 234.0, 
      "min": 0, 
      "std": 205.0727827894107
    }, 
    "pullrequest": {
      "max": 726, 
      "mean": 165.17419354838711, 
      "median": 135.0, 
      "min": 0, 
      "std": 137.05012732041945
    }
  }, 
  "ansible-modules-extras": {
    "issue": {
      "max": 715, 
      "mean": 210.83221476510067, 
      "median": 188.5, 
      "min": 2, 
      "std": 163.44666033385155
    }, 
    "pullrequest": {
      "max": 731, 
      "mean": 157.81656804733728, 
      "median": 127.0, 
      "min": -1, 
      "std": 151.55713109535571
    }
  }
}