{
  "ansible": {
    "issue": {
      "max": 1091, 
      "mean": 248.31729055258467, 
      "median": 224.0, 
      "min": -1, 
      "std": 175.49708125753486
    }, 
    "pullrequest": {
      "max": 840, 
      "mean": 213.74034334763948, 
      "median": 161.0, 
      "min": -1, 
      "std": 187.12232109111378
    }
  }, 
  "ansible-modules-core": {
    "issue": {
      "max": 763, 
      "mean": 261.6823935558113, 
      "median": 230.0, 
      "min": 0, 
      "std": 212.98344949563099
    }, 
    "pullrequest": {
      "max": 756, 
      "mean": 169.56521739130434, 
      "median": 139.0, 
      "min": 0, 
      "std": 145.71414126323901
    }
  }, 
  "ansible-modules-extras": {
    "issue": {
      "max": 746, 
      "mean": 215.58785942492014, 
      "median": 194.0, 
      "min": 0, 
      "std": 173.16026883337497
    }, 
    "pullrequest": {
      "max": 762, 
      "mean": 145.00544959128067, 
      "median": 103.0, 
      "min": -1, 
      "std": 148.36920945272374
    }
  }
}