{
  "ansible": {
    "issue": {
      "max": 1056, 
      "mean": 244.14962121212122, 
      "median": 216.0, 
      "min": 9, 
      "std": 172.04218551954449
    }, 
    "pullrequest": {
      "max": 805, 
      "mean": 228.57323232323233, 
      "median": 188.5, 
      "min": 9, 
      "std": 176.64721788503147
    }
  }, 
  "ansible-modules-core": {
    "issue": {
      "max": 728, 
      "mean": 272.29304029304029, 
      "median": 235.0, 
      "min": 0, 
      "std": 203.16442173583147
    }, 
    "pullrequest": {
      "max": 722, 
      "mean": 151.36716417910446, 
      "median": 116.0, 
      "min": 0, 
      "std": 138.9716156867473
    }
  }, 
  "ansible-modules-extras": {
    "issue": {
      "max": 711, 
      "mean": 210.35494880546077, 
      "median": 188.0, 
      "min": -1, 
      "std": 162.3872576639514
    }, 
    "pullrequest": {
      "max": 727, 
      "mean": 158.16918429003022, 
      "median": 125.0, 
      "min": -1, 
      "std": 150.74191671604103
    }
  }
}