{
  "ansible": {
    "issue": {
      "max": 1064, 
      "mean": 240.11791590493601, 
      "median": 213.5, 
      "min": 0, 
      "std": 174.28342659840439
    }, 
    "pullrequest": {
      "max": 813, 
      "mean": 213.99303944315545, 
      "median": 168.0, 
      "min": 0, 
      "std": 181.47700907812106
    }
  }, 
  "ansible-modules-core": {
    "issue": {
      "max": 736, 
      "mean": 272.11390887290167, 
      "median": 237.0, 
      "min": 0, 
      "std": 206.11063761591183
    }, 
    "pullrequest": {
      "max": 729, 
      "mean": 168.26451612903224, 
      "median": 138.0, 
      "min": 0, 
      "std": 137.2488945801588
    }
  }, 
  "ansible-modules-extras": {
    "issue": {
      "max": 719, 
      "mean": 213.4882154882155, 
      "median": 190.0, 
      "min": 0, 
      "std": 163.84325893209314
    }, 
    "pullrequest": {
      "max": 735, 
      "mean": 155.43965517241378, 
      "median": 126.0, 
      "min": 0, 
      "std": 151.67247430549176
    }
  }
}