{
  "ansible": {
    "issue": {
      "max": 1090, 
      "mean": 250.37765957446808, 
      "median": 227.0, 
      "min": 0, 
      "std": 176.87065814790012
    }, 
    "pullrequest": {
      "max": 840, 
      "mean": 214.25862068965517, 
      "median": 161.0, 
      "min": -1, 
      "std": 186.95962917947043
    }
  }, 
  "ansible-modules-core": {
    "issue": {
      "max": 763, 
      "mean": 260.97586206896551, 
      "median": 230.0, 
      "min": -1, 
      "std": 213.03654236510113
    }, 
    "pullrequest": {
      "max": 756, 
      "mean": 168.635838150289, 
      "median": 137.5, 
      "min": -1, 
      "std": 145.78928213346529
    }
  }, 
  "ansible-modules-extras": {
    "issue": {
      "max": 745, 
      "mean": 215.83974358974359, 
      "median": 194.0, 
      "min": 0, 
      "std": 172.94011105059076
    }, 
    "pullrequest": {
      "max": 761, 
      "mean": 145.33150684931508, 
      "median": 103.0, 
      "min": 0, 
      "std": 148.36104506321715
    }
  }
}