{
  "ansible": {
    "issue": {
      "max": 1063, 
      "mean": 239.64926739926739, 
      "median": 213.0, 
      "min": -1, 
      "std": 174.06755422401164
    }, 
    "pullrequest": {
      "max": 812, 
      "mean": 213.2830626450116, 
      "median": 167.0, 
      "min": -1, 
      "std": 181.2519459299161
    }
  }, 
  "ansible-modules-core": {
    "issue": {
      "max": 735, 
      "mean": 272.19711538461536, 
      "median": 236.0, 
      "min": -1, 
      "std": 205.49253587264747
    }, 
    "pullrequest": {
      "max": 728, 
      "mean": 167.85436893203882, 
      "median": 137.0, 
      "min": 0, 
      "std": 137.13327614367074
    }
  }, 
  "ansible-modules-extras": {
    "issue": {
      "max": 718, 
      "mean": 213.97627118644067, 
      "median": 192.0, 
      "min": 4, 
      "std": 163.46051027692974
    }, 
    "pullrequest": {
      "max": 734, 
      "mean": 157.22222222222223, 
      "median": 126.5, 
      "min": 0, 
      "std": 151.57916418474133
    }
  }
}