{
  "ansible": {
    "issue": {
      "max": 1077, 
      "mean": 247.28763440860214, 
      "median": 221.0, 
      "min": 0, 
      "std": 177.70200951033084
    }, 
    "pullrequest": {
      "max": 827, 
      "mean": 208.76025917926566, 
      "median": 158.0, 
      "min": 0, 
      "std": 185.28257788860589
    }
  }, 
  "ansible-modules-core": {
    "issue": {
      "max": 750, 
      "mean": 263.43735224586288, 
      "median": 231.0, 
      "min": 0, 
      "std": 209.32692478916599
    }, 
    "pullrequest": {
      "max": 743, 
      "mean": 168.68501529051989, 
      "median": 132.0, 
      "min": 0, 
      "std": 141.65583218049653
    }
  }, 
  "ansible-modules-extras": {
    "issue": {
      "max": 733, 
      "mean": 213.50653594771242, 
      "median": 186.0, 
      "min": 0, 
      "std": 169.28824943034257
    }, 
    "pullrequest": {
      "max": 748, 
      "mean": 149.19791666666666, 
      "median": 105.0, 
      "min": 0, 
      "std": 152.93177398977537
    }
  }
}