{
  "ansible": {
    "issue": {
      "max": 1061, 
      "mean": 239.10550458715596, 
      "median": 212.0, 
      "min": -1, 
      "std": 173.63367234362804
    }, 
    "pullrequest": {
      "max": 811, 
      "mean": 213.68691588785046, 
      "median": 167.0, 
      "min": -1, 
      "std": 180.79804946021707
    }
  }, 
  "ansible-modules-core": {
    "issue": {
      "max": 733, 
      "mean": 270.9903961584634, 
      "median": 235.0, 
      "min": 0, 
      "std": 205.20017434793786
    }, 
    "pullrequest": {
      "max": 727, 
      "mean": 167.75895765472313, 
      "median": 137.0, 
      "min": 0, 
      "std": 136.80772025744946
    }
  }, 
  "ansible-modules-extras": {
    "issue": {
      "max": 716, 
      "mean": 211.83892617449663, 
      "median": 189.5, 
      "min": 3, 
      "std": 163.44483982665525
    }, 
    "pullrequest": {
      "max": 732, 
      "mean": 156.43695014662757, 
      "median": 126.0, 
      "min": -1, 
      "std": 151.52547760984601
    }
  }
}