{
  "ansible": {
    "issue": {
      "max": 1062, 
      "mean": 239.40679522497703, 
      "median": 212.0, 
      "min": -1, 
      "std": 173.76184262371405
    }, 
    "pullrequest": {
      "max": 811, 
      "mean": 215.33411764705883, 
      "median": 169.0, 
      "min": 0, 
      "std": 180.73868400209648
    }
  }, 
  "ansible-modules-core": {
    "issue": {
      "max": 734, 
      "mean": 270.92805755395682, 
      "median": 235.0, 
      "min": -1, 
      "std": 205.29107160536518
    }, 
    "pullrequest": {
      "max": 727, 
      "mean": 168.58496732026143, 
      "median": 139.5, 
      "min": 0, 
      "std": 136.74462495380615
    }
  }, 
  "ansible-modules-extras": {
    "issue": {
      "max": 717, 
      "mean": 212.44932432432432, 
      "median": 189.5, 
      "min": 3, 
      "std": 163.47149557157763
    }, 
    "pullrequest": {
      "max": 733, 
      "mean": 157.2235294117647, 
      "median": 126.5, 
      "min": 0, 
      "std": 151.48887565219692
    }
  }
}