{
  "ansible": {
    "issue": {
      "max": 1062, 
      "mean": 239.29761904761904, 
      "median": 212.0, 
      "min": -1, 
      "std": 174.04245164906192
    }, 
    "pullrequest": {
      "max": 812, 
      "mean": 213.87878787878788, 
      "median": 167.0, 
      "min": -1, 
      "std": 181.10019697647405
    }
  }, 
  "ansible-modules-core": {
    "issue": {
      "max": 734, 
      "mean": 272.50120481927712, 
      "median": 236.0, 
      "min": 0, 
      "std": 205.30579454963478
    }, 
    "pullrequest": {
      "max": 728, 
      "mean": 167.4368932038835, 
      "median": 137.0, 
      "min": -1, 
      "std": 137.13435666546178
    }
  }, 
  "ansible-modules-extras": {
    "issue": {
      "max": 717, 
      "mean": 213.68135593220339, 
      "median": 192.0, 
      "min": 4, 
      "std": 163.45662408566832
    }, 
    "pullrequest": {
      "max": 733, 
      "mean": 156.38192419825072, 
      "median": 126.0, 
      "min": -1, 
      "std": 151.55894433891208
    }
  }
}