{
  "ansible": {
    "issue": {
      "max": 1070, 
      "mean": 242.58589511754067, 
      "median": 215.0, 
      "min": 0, 
      "std": 176.37537116933592
    }, 
    "pullrequest": {
      "max": 819, 
      "mean": 214.28018223234625, 
      "median": 171.0, 
      "min": -1, 
      "std": 182.8350174162178
    }
  }, 
  "ansible-modules-core": {
    "issue": {
      "max": 742, 
      "mean": 265.62940461725395, 
      "median": 232.0, 
      "min": -1, 
      "std": 206.7751461841471
    }, 
    "pullrequest": {
      "max": 735, 
      "mean": 163.07294832826747, 
      "median": 126.0, 
      "min": 0, 
      "std": 140.20664568104849
    }
  }, 
  "ansible-modules-extras": {
    "issue": {
      "max": 725, 
      "mean": 216.77133105802048, 
      "median": 189.0, 
      "min": 0, 
      "std": 166.73968265517485
    }, 
    "pullrequest": {
      "max": 741, 
      "mean": 153.86033519553072, 
      "median": 117.0, 
      "min": 0, 
      "std": 152.31989104784111
    }
  }
}