{
  "ansible": {
    "issue": {
      "max": 1082, 
      "mean": 251.79767233661593, 
      "median": 225.0, 
      "min": 0, 
      "std": 177.95106676021766
    }, 
    "pullrequest": {
      "max": 832, 
      "mean": 208.1044776119403, 
      "median": 153.0, 
      "min": 0, 
      "std": 186.90843499327531
    }
  }, 
  "ansible-modules-core": {
    "issue": {
      "max": 754, 
      "mean": 264.39598108747043, 
      "median": 234.0, 
      "min": 1, 
      "std": 210.72933225635686
    }, 
    "pullrequest": {
      "max": 748, 
      "mean": 170.05775075987842, 
      "median": 135.0, 
      "min": 0, 
      "std": 143.4646192230025
    }
  }, 
  "ansible-modules-extras": {
    "issue": {
      "max": 737, 
      "mean": 214.75241157556269, 
      "median": 189.0, 
      "min": 2, 
      "std": 170.27509362869682
    }, 
    "pullrequest": {
      "max": 753, 
      "mean": 148.53164556962025, 
      "median": 108.0, 
      "min": 0, 
      "std": 153.16966975460625
    }
  }
}