{
  "ansible": {
    "issue": {
      "max": 1077, 
      "mean": 247.5044883303411, 
      "median": 221.0, 
      "min": -1, 
      "std": 177.55116206437918
    }, 
    "pullrequest": {
      "max": 827, 
      "mean": 208.95238095238096, 
      "median": 158.0, 
      "min": -1, 
      "std": 185.24350975293703
    }
  }, 
  "ansible-modules-core": {
    "issue": {
      "max": 749, 
      "mean": 263.21867612293147, 
      "median": 231.0, 
      "min": 0, 
      "std": 209.33000896566764
    }, 
    "pullrequest": {
      "max": 743, 
      "mean": 169.59076923076924, 
      "median": 133.0, 
      "min": 0, 
      "std": 141.32422702977055
    }
  }, 
  "ansible-modules-extras": {
    "issue": {
      "max": 732, 
      "mean": 214.0, 
      "median": 187.0, 
      "min": 0, 
      "std": 169.12532941336826
    }, 
    "pullrequest": {
      "max": 748, 
      "mean": 148.99739583333334, 
      "median": 105.0, 
      "min": -1, 
      "std": 152.891905897767
    }
  }
}