{
  "ansible": {
    "issue": {
      "max": 1090, 
      "mean": 253.27072310405643, 
      "median": 228.0, 
      "min": 0, 
      "std": 179.87676530027881
    }, 
    "pullrequest": {
      "max": 839, 
      "mean": 216.01089324618735, 
      "median": 164.0, 
      "min": 1, 
      "std": 186.59318666696029
    }
  }, 
  "ansible-modules-core": {
    "issue": {
      "max": 762, 
      "mean": 261.63279445727483, 
      "median": 233.5, 
      "min": -1, 
      "std": 212.68836571535067
    }, 
    "pullrequest": {
      "max": 755, 
      "mean": 171.10294117647058, 
      "median": 140.0, 
      "min": -1, 
      "std": 145.23945134378468
    }
  }, 
  "ansible-modules-extras": {
    "issue": {
      "max": 745, 
      "mean": 214.53993610223642, 
      "median": 193.0, 
      "min": -1, 
      "std": 173.11956154753645
    }, 
    "pullrequest": {
      "max": 761, 
      "mean": 145.96132596685084, 
      "median": 102.0, 
      "min": 0, 
      "std": 148.38088828107746
    }
  }
}