{
  "ansible": {
    "issue": {
      "max": 1064, 
      "mean": 240.05388127853882, 
      "median": 213.0, 
      "min": -1, 
      "std": 174.34854038724842
    }, 
    "pullrequest": {
      "max": 813, 
      "mean": 213.63194444444446, 
      "median": 168.0, 
      "min": -1, 
      "std": 181.58901550927177
    }
  }, 
  "ansible-modules-core": {
    "issue": {
      "max": 736, 
      "mean": 273.23706377858002, 
      "median": 237.0, 
      "min": 0, 
      "std": 205.85796599641816
    }, 
    "pullrequest": {
      "max": 729, 
      "mean": 168.07119741100323, 
      "median": 138.0, 
      "min": 0, 
      "std": 137.77459704576472
    }
  }, 
  "ansible-modules-extras": {
    "issue": {
      "max": 719, 
      "mean": 212.97986577181209, 
      "median": 189.5, 
      "min": -1, 
      "std": 164.06564694464387
    }, 
    "pullrequest": {
      "max": 735, 
      "mean": 154.74285714285713, 
      "median": 125.5, 
      "min": 0, 
      "std": 151.67085469286874
    }
  }
}