{
  "ansible": {
    "issue": {
      "max": 1085, 
      "mean": 250.51238938053098, 
      "median": 225.0, 
      "min": 0, 
      "std": 179.21461482001772
    }, 
    "pullrequest": {
      "max": 834, 
      "mean": 212.40740740740742, 
      "median": 162.0, 
      "min": 0, 
      "std": 186.57114044304828
    }
  }, 
  "ansible-modules-core": {
    "issue": {
      "max": 757, 
      "mean": 264.57482185273159, 
      "median": 235.0, 
      "min": 0, 
      "std": 210.78055870177158
    }, 
    "pullrequest": {
      "max": 750, 
      "mean": 170.5843373493976, 
      "median": 137.0, 
      "min": 0, 
      "std": 144.08222884986208
    }
  }, 
  "ansible-modules-extras": {
    "issue": {
      "max": 740, 
      "mean": 217.51298701298703, 
      "median": 191.5, 
      "min": 0, 
      "std": 171.49734907697089
    }, 
    "pullrequest": {
      "max": 756, 
      "mean": 152.09114583333334, 
      "median": 111.0, 
      "min": 0, 
      "std": 152.47692627608851
    }
  }
}