{
  "ansible": {
    "issue": {
      "max": 1070, 
      "mean": 242.8634719710669, 
      "median": 215.5, 
      "min": 0, 
      "std": 176.34016523089599
    }, 
    "pullrequest": {
      "max": 819, 
      "mean": 214.54441913439635, 
      "median": 172.0, 
      "min": 0, 
      "std": 182.83711263894918
    }
  }, 
  "ansible-modules-core": {
    "issue": {
      "max": 742, 
      "mean": 265.58009708737865, 
      "median": 232.0, 
      "min": -1, 
      "std": 206.8830244787288
    }, 
    "pullrequest": {
      "max": 736, 
      "mean": 163.30395136778117, 
      "median": 126.0, 
      "min": 0, 
      "std": 140.22133616210402
    }
  }, 
  "ansible-modules-extras": {
    "issue": {
      "max": 725, 
      "mean": 217.04778156996588, 
      "median": 190.0, 
      "min": 0, 
      "std": 166.75333125559939
    }, 
    "pullrequest": {
      "max": 741, 
      "mean": 153.23463687150837, 
      "median": 116.5, 
      "min": 0, 
      "std": 152.37883079361825
    }
  }
}