{
  "ansible": {
    "issue": {
      "max": 1058, 
      "mean": 235.74977085242895, 
      "median": 208.0, 
      "min": -1, 
      "std": 173.309397565593
    }, 
    "pullrequest": {
      "max": 807, 
      "mean": 217.18095238095239, 
      "median": 169.0, 
      "min": -1, 
      "std": 179.60886238354726
    }
  }, 
  "ansible-modules-core": {
    "issue": {
      "max": 730, 
      "mean": 271.13075060532685, 
      "median": 234.5, 
      "min": -1, 
      "std": 204.11841943159507
    }, 
    "pullrequest": {
      "max": 723, 
      "mean": 149.94955489614244, 
      "median": 112.0, 
      "min": 0, 
      "std": 138.37983831157339
    }
  }, 
  "ansible-modules-extras": {
    "issue": {
      "max": 713, 
      "mean": 208.38926174496643, 
      "median": 185.5, 
      "min": -1, 
      "std": 163.46289160439363
    }, 
    "pullrequest": {
      "max": 729, 
      "mean": 158.27710843373495, 
      "median": 125.5, 
      "min": -1, 
      "std": 151.39116439442259
    }
  }
}