{
  "ansible": {
    "issue": {
      "max": 1060, 
      "mean": 237.87408088235293, 
      "median": 210.0, 
      "min": -1, 
      "std": 173.38002226991722
    }, 
    "pullrequest": {
      "max": 809, 
      "mean": 213.47294117647058, 
      "median": 167.0, 
      "min": 0, 
      "std": 180.52707105990262
    }
  }, 
  "ansible-modules-core": {
    "issue": {
      "max": 732, 
      "mean": 269.57142857142856, 
      "median": 233.0, 
      "min": -1, 
      "std": 204.98537997233109
    }, 
    "pullrequest": {
      "max": 725, 
      "mean": 163.94533762057878, 
      "median": 134.0, 
      "min": 0, 
      "std": 137.12237910440649
    }
  }, 
  "ansible-modules-extras": {
    "issue": {
      "max": 715, 
      "mean": 210.0268456375839, 
      "median": 187.5, 
      "min": 1, 
      "std": 163.45614711900436
    }, 
    "pullrequest": {
      "max": 731, 
      "mean": 158.05357142857142, 
      "median": 126.0, 
      "min": 0, 
      "std": 151.51087336937127
    }
  }
}