{
  "ansible": {
    "issue": {
      "max": 1076, 
      "mean": 246.65229110512129, 
      "median": 220.0, 
      "min": -1, 
      "std": 177.43872165648813
    }, 
    "pullrequest": {
      "max": 825, 
      "mean": 206.45708154506437, 
      "median": 153.5, 
      "min": -1, 
      "std": 185.09478862472594
    }
  }, 
  "ansible-modules-core": {
    "issue": {
      "max": 748, 
      "mean": 265.63875598086122, 
      "median": 231.0, 
      "min": 0, 
      "std": 208.39906080839432
    }, 
    "pullrequest": {
      "max": 742, 
      "mean": 167.08484848484849, 
      "median": 130.0, 
      "min": 0, 
      "std": 141.48418504877651
    }
  }, 
  "ansible-modules-extras": {
    "issue": {
      "max": 731, 
      "mean": 213.71710526315789, 
      "median": 186.5, 
      "min": 2, 
      "std": 168.83676785906019
    }, 
    "pullrequest": {
      "max": 747, 
      "mean": 149.87598944591028, 
      "median": 109.0, 
      "min": -1, 
      "std": 152.87081454824425
    }
  }
}