{
  "ansible": {
    "issue": {
      "max": 1062, 
      "mean": 239.33976124885217, 
      "median": 212.0, 
      "min": 0, 
      "std": 173.7518054245219
    }, 
    "pullrequest": {
      "max": 811, 
      "mean": 213.92056074766356, 
      "median": 167.5, 
      "min": -1, 
      "std": 180.78917925104091
    }
  }, 
  "ansible-modules-core": {
    "issue": {
      "max": 734, 
      "mean": 271.16086434573828, 
      "median": 235.0, 
      "min": 0, 
      "std": 205.19571205342291
    }, 
    "pullrequest": {
      "max": 727, 
      "mean": 168.48039215686273, 
      "median": 139.5, 
      "min": 0, 
      "std": 136.75227331220262
    }
  }, 
  "ansible-modules-extras": {
    "issue": {
      "max": 717, 
      "mean": 212.36148648648648, 
      "median": 189.5, 
      "min": 3, 
      "std": 163.45883770789936
    }, 
    "pullrequest": {
      "max": 733, 
      "mean": 157.10588235294117, 
      "median": 126.5, 
      "min": 0, 
      "std": 151.50069101216215
    }
  }
}