{
  "ansible": {
    "issue": {
      "max": 1057, 
      "mean": 235.57064721969007, 
      "median": 207.0, 
      "min": 0, 
      "std": 174.96019282855141
    }, 
    "pullrequest": {
      "max": 806, 
      "mean": 213.72235294117647, 
      "median": 166.0, 
      "min": 0, 
      "std": 179.75666714394478
    }
  }, 
  "ansible-modules-core": {
    "issue": {
      "max": 729, 
      "mean": 273.12102689486551, 
      "median": 236.0, 
      "min": 0, 
      "std": 203.04613943939879
    }, 
    "pullrequest": {
      "max": 722, 
      "mean": 149.64117647058825, 
      "median": 111.0, 
      "min": 0, 
      "std": 139.22835900619205
    }
  }, 
  "ansible-modules-extras": {
    "issue": {
      "max": 712, 
      "mean": 210.80204778156997, 
      "median": 188.0, 
      "min": 0, 
      "std": 162.38288001747304
    }, 
    "pullrequest": {
      "max": 728, 
      "mean": 158.26586102719034, 
      "median": 125.0, 
      "min": 0, 
      "std": 151.03972591447277
    }
  }
}