{
  "ansible": {
    "issue": {
      "max": 1057, 
      "mean": 235.74635036496349, 
      "median": 207.0, 
      "min": 0, 
      "std": 174.89839982230481
    }, 
    "pullrequest": {
      "max": 806, 
      "mean": 213.66117647058823, 
      "median": 165.0, 
      "min": 0, 
      "std": 179.74626043340203
    }
  }, 
  "ansible-modules-core": {
    "issue": {
      "max": 729, 
      "mean": 273.06845965770174, 
      "median": 236.0, 
      "min": 0, 
      "std": 203.04599237580814
    }, 
    "pullrequest": {
      "max": 722, 
      "mean": 149.5735294117647, 
      "median": 111.0, 
      "min": -1, 
      "std": 139.20578463475772
    }
  }, 
  "ansible-modules-extras": {
    "issue": {
      "max": 712, 
      "mean": 210.72696245733789, 
      "median": 188.0, 
      "min": 0, 
      "std": 162.37457387876088
    }, 
    "pullrequest": {
      "max": 728, 
      "mean": 158.1963746223565, 
      "median": 125.0, 
      "min": 0, 
      "std": 151.04834299121384
    }
  }
}