{
  "ansible": {
    "issue": {
      "max": 1064, 
      "mean": 240.40896614821591, 
      "median": 214.0, 
      "min": -1, 
      "std": 174.21221505879652
    }, 
    "pullrequest": {
      "max": 813, 
      "mean": 214.06728538283062, 
      "median": 168.0, 
      "min": 0, 
      "std": 181.48861794204848
    }
  }, 
  "ansible-modules-core": {
    "issue": {
      "max": 736, 
      "mean": 272.52581032412968, 
      "median": 237.0, 
      "min": 0, 
      "std": 206.01790646739357
    }, 
    "pullrequest": {
      "max": 729, 
      "mean": 167.81672025723472, 
      "median": 138.0, 
      "min": -1, 
      "std": 137.37044236028129
    }
  }, 
  "ansible-modules-extras": {
    "issue": {
      "max": 719, 
      "mean": 213.58922558922558, 
      "median": 190.0, 
      "min": 0, 
      "std": 163.87243422469467
    }, 
    "pullrequest": {
      "max": 735, 
      "mean": 154.65142857142857, 
      "median": 125.0, 
      "min": -1, 
      "std": 151.69404804488838
    }
  }
}