{
  "ansible": {
    "issue": {
      "max": 1061, 
      "mean": 238.99908340971587, 
      "median": 212.0, 
      "min": -1, 
      "std": 173.70735369801051
    }, 
    "pullrequest": {
      "max": 811, 
      "mean": 213.84112149532712, 
      "median": 167.5, 
      "min": 0, 
      "std": 180.80025378014972
    }
  }, 
  "ansible-modules-core": {
    "issue": {
      "max": 734, 
      "mean": 271.09003601440577, 
      "median": 235.0, 
      "min": 0, 
      "std": 205.19775911275605
    }, 
    "pullrequest": {
      "max": 727, 
      "mean": 167.9185667752443, 
      "median": 137.0, 
      "min": 0, 
      "std": 136.78034608623528
    }
  }, 
  "ansible-modules-extras": {
    "issue": {
      "max": 717, 
      "mean": 211.95637583892616, 
      "median": 189.5, 
      "min": 3, 
      "std": 163.45301269379385
    }, 
    "pullrequest": {
      "max": 732, 
      "mean": 156.55131964809385, 
      "median": 126.0, 
      "min": 0, 
      "std": 151.5337457640926
    }
  }
}