{
  "ansible": {
    "issue": {
      "max": 1078, 
      "mean": 247.4578853046595, 
      "median": 221.0, 
      "min": 0, 
      "std": 177.72486644999299
    }, 
    "pullrequest": {
      "max": 827, 
      "mean": 207.61373390557941, 
      "median": 154.5, 
      "min": 0, 
      "std": 185.4490228307784
    }
  }, 
  "ansible-modules-core": {
    "issue": {
      "max": 750, 
      "mean": 263.31759149940967, 
      "median": 231.0, 
      "min": 0, 
      "std": 209.41555138435524
    }, 
    "pullrequest": {
      "max": 743, 
      "mean": 168.21100917431193, 
      "median": 132.0, 
      "min": 0, 
      "std": 141.92833657460648
    }
  }, 
  "ansible-modules-extras": {
    "issue": {
      "max": 733, 
      "mean": 212.98045602605862, 
      "median": 184.0, 
      "min": 0, 
      "std": 169.46430141822387
    }, 
    "pullrequest": {
      "max": 749, 
      "mean": 148.65284974093265, 
      "median": 104.5, 
      "min": -1, 
      "std": 152.90827859492575
    }
  }
}