{
  "ansible": {
    "issue": {
      "max": 1061, 
      "mean": 238.63244729605867, 
      "median": 211.0, 
      "min": 0, 
      "std": 173.66588656691374
    }, 
    "pullrequest": {
      "max": 810, 
      "mean": 213.85948477751757, 
      "median": 168.0, 
      "min": -1, 
      "std": 180.71994694838554
    }
  }, 
  "ansible-modules-core": {
    "issue": {
      "max": 733, 
      "mean": 270.36570743405275, 
      "median": 234.0, 
      "min": 0, 
      "std": 205.28985608419691
    }, 
    "pullrequest": {
      "max": 727, 
      "mean": 166.40129449838187, 
      "median": 135.0, 
      "min": 0, 
      "std": 136.98331270446531
    }
  }, 
  "ansible-modules-extras": {
    "issue": {
      "max": 716, 
      "mean": 211.59731543624162, 
      "median": 189.0, 
      "min": 3, 
      "std": 163.48006136098607
    }, 
    "pullrequest": {
      "max": 732, 
      "mean": 156.61764705882354, 
      "median": 126.0, 
      "min": -1, 
      "std": 151.44168256458681
    }
  }
}