{
  "ansible": {
    "issue": {
      "max": 1057, 
      "mean": 235.43915827996341, 
      "median": 207.0, 
      "min": 0, 
      "std": 173.97127041958669
    }, 
    "pullrequest": {
      "max": 806, 
      "mean": 216.53809523809525, 
      "median": 168.5, 
      "min": 0, 
      "std": 179.52625746720562
    }
  }, 
  "ansible-modules-core": {
    "issue": {
      "max": 729, 
      "mean": 271.52126366950182, 
      "median": 236.0, 
      "min": 0, 
      "std": 203.72352604512756
    }, 
    "pullrequest": {
      "max": 723, 
      "mean": 150.08011869436203, 
      "median": 111.0, 
      "min": 0, 
      "std": 138.22223146943284
    }
  }, 
  "ansible-modules-extras": {
    "issue": {
      "max": 712, 
      "mean": 207.72147651006711, 
      "median": 185.0, 
      "min": -1, 
      "std": 163.46097252481866
    }, 
    "pullrequest": {
      "max": 728, 
      "mean": 158.71299093655588, 
      "median": 126.0, 
      "min": 0, 
      "std": 151.09739295407965
    }
  }
}