{
  "ansible": {
    "issue": {
      "max": 1090, 
      "mean": 251.30742049469964, 
      "median": 227.0, 
      "min": -1, 
      "std": 178.32008833144243
    }, 
    "pullrequest": {
      "max": 839, 
      "mean": 215.58695652173913, 
      "median": 163.5, 
      "min": -1, 
      "std": 186.68778587546927
    }
  }, 
  "ansible-modules-core": {
    "issue": {
      "max": 762, 
      "mean": 260.79861910241658, 
      "median": 229.0, 
      "min": -1, 
      "std": 212.87203609100834
    }, 
    "pullrequest": {
      "max": 755, 
      "mean": 170.15204678362574, 
      "median": 139.5, 
      "min": -1, 
      "std": 145.39327684577106
    }
  }, 
  "ansible-modules-extras": {
    "issue": {
      "max": 745, 
      "mean": 214.6485623003195, 
      "median": 193.0, 
      "min": 0, 
      "std": 173.09811195893417
    }, 
    "pullrequest": {
      "max": 761, 
      "mean": 145.63085399449037, 
      "median": 102.0, 
      "min": -1, 
      "std": 148.39743129692013
    }
  }
}