{
  "ansible": {
    "issue": {
      "max": 1090, 
      "mean": 253.15432098765433, 
      "median": 228.0, 
      "min": -1, 
      "std": 179.88800649270127
    }, 
    "pullrequest": {
      "max": 839, 
      "mean": 215.92592592592592, 
      "median": 164.0, 
      "min": 1, 
      "std": 186.58486467117459
    }
  }, 
  "ansible-modules-core": {
    "issue": {
      "max": 762, 
      "mean": 261.82543352601158, 
      "median": 234.0, 
      "min": 0, 
      "std": 212.62621179603218
    }, 
    "pullrequest": {
      "max": 755, 
      "mean": 171.00882352941176, 
      "median": 140.0, 
      "min": -1, 
      "std": 145.23644994536861
    }
  }, 
  "ansible-modules-extras": {
    "issue": {
      "max": 745, 
      "mean": 214.40255591054313, 
      "median": 193.0, 
      "min": -1, 
      "std": 173.11557090000892
    }, 
    "pullrequest": {
      "max": 761, 
      "mean": 144.65205479452055, 
      "median": 102.0, 
      "min": 0, 
      "std": 148.35186616422442
    }
  }
}