{
  "ansible": {
    "issue": {
      "max": 1091, 
      "mean": 249.03205699020481, 
      "median": 227.0, 
      "min": 0, 
      "std": 175.68682380510259
    }, 
    "pullrequest": {
      "max": 840, 
      "mean": 213.63304721030042, 
      "median": 161.0, 
      "min": -1, 
      "std": 187.08232019675054
    }
  }, 
  "ansible-modules-core": {
    "issue": {
      "max": 763, 
      "mean": 261.22068965517241, 
      "median": 230.0, 
      "min": 0, 
      "std": 213.03741948463843
    }, 
    "pullrequest": {
      "max": 756, 
      "mean": 168.95953757225433, 
      "median": 137.5, 
      "min": 0, 
      "std": 145.775179598824
    }
  }, 
  "ansible-modules-extras": {
    "issue": {
      "max": 746, 
      "mean": 215.38019169329073, 
      "median": 194.0, 
      "min": -1, 
      "std": 173.1282166948464
    }, 
    "pullrequest": {
      "max": 762, 
      "mean": 145.62739726027397, 
      "median": 103.0, 
      "min": 0, 
      "std": 148.37236871242345
    }
  }
}