{
  "ansible": {
    "issue": {
      "max": 1064, 
      "mean": 240.06032906764167, 
      "median": 213.5, 
      "min": -1, 
      "std": 174.27651969888561
    }, 
    "pullrequest": {
      "max": 813, 
      "mean": 213.92575406032483, 
      "median": 168.0, 
      "min": 0, 
      "std": 181.48128334480609
    }
  }, 
  "ansible-modules-core": {
    "issue": {
      "max": 736, 
      "mean": 272.0503597122302, 
      "median": 236.5, 
      "min": -1, 
      "std": 206.09907714056351
    }, 
    "pullrequest": {
      "max": 729, 
      "mean": 168.20967741935485, 
      "median": 138.0, 
      "min": 0, 
      "std": 137.26225629473583
    }
  }, 
  "ansible-modules-extras": {
    "issue": {
      "max": 719, 
      "mean": 213.44781144781146, 
      "median": 190.0, 
      "min": 0, 
      "std": 163.84290169123648
    }, 
    "pullrequest": {
      "max": 734, 
      "mean": 155.33908045977012, 
      "median": 126.0, 
      "min": 0, 
      "std": 151.68143784807748
    }
  }
}