{
  "ansible": {
    "issue": {
      "max": 1086, 
      "mean": 250.7471264367816, 
      "median": 225.0, 
      "min": 0, 
      "std": 179.35676324522731
    }, 
    "pullrequest": {
      "max": 835, 
      "mean": 212.15686274509804, 
      "median": 160.0, 
      "min": 0, 
      "std": 186.2955736284583
    }
  }, 
  "ansible-modules-core": {
    "issue": {
      "max": 758, 
      "mean": 262.21244131455398, 
      "median": 232.5, 
      "min": 0, 
      "std": 211.63108610451602
    }, 
    "pullrequest": {
      "max": 751, 
      "mean": 168.38461538461539, 
      "median": 136.5, 
      "min": 0, 
      "std": 144.64684600492191
    }
  }, 
  "ansible-modules-extras": {
    "issue": {
      "max": 741, 
      "mean": 214.77564102564102, 
      "median": 189.5, 
      "min": 0, 
      "std": 172.557276768077
    }, 
    "pullrequest": {
      "max": 757, 
      "mean": 143.17403314917127, 
      "median": 98.5, 
      "min": 0, 
      "std": 147.76566146076743
    }
  }
}