{
  "ansible": {
    "issue": {
      "max": 1062, 
      "mean": 239.47981651376148, 
      "median": 212.0, 
      "min": -1, 
      "std": 173.84494846382034
    }, 
    "pullrequest": {
      "max": 811, 
      "mean": 213.54079254079255, 
      "median": 167.0, 
      "min": -1, 
      "std": 181.10033109039364
    }
  }, 
  "ansible-modules-core": {
    "issue": {
      "max": 734, 
      "mean": 271.67067307692309, 
      "median": 235.0, 
      "min": 0, 
      "std": 205.31504803015267
    }, 
    "pullrequest": {
      "max": 727, 
      "mean": 167.70779220779221, 
      "median": 136.5, 
      "min": -1, 
      "std": 136.98383283717104
    }
  }, 
  "ansible-modules-extras": {
    "issue": {
      "max": 717, 
      "mean": 212.78716216216216, 
      "median": 189.5, 
      "min": 3, 
      "std": 163.45924352770442
    }, 
    "pullrequest": {
      "max": 733, 
      "mean": 156.59356725146199, 
      "median": 126.5, 
      "min": 0, 
      "std": 151.48647968010613
    }
  }
}