{
  "ansible": {
    "issue": {
      "max": 1077, 
      "mean": 247.32104316546761, 
      "median": 220.5, 
      "min": 0, 
      "std": 177.41058237050379
    }, 
    "pullrequest": {
      "max": 826, 
      "mean": 210.26200873362444, 
      "median": 159.5, 
      "min": 0, 
      "std": 184.94759412906924
    }
  }, 
  "ansible-modules-core": {
    "issue": {
      "max": 749, 
      "mean": 265.48329355608593, 
      "median": 231.0, 
      "min": 0, 
      "std": 208.54888241306784
    }, 
    "pullrequest": {
      "max": 742, 
      "mean": 169.5, 
      "median": 135.0, 
      "min": -1, 
      "std": 141.32952726190524
    }
  }, 
  "ansible-modules-extras": {
    "issue": {
      "max": 732, 
      "mean": 213.44262295081967, 
      "median": 187.0, 
      "min": 0, 
      "std": 168.99736389351224
    }, 
    "pullrequest": {
      "max": 748, 
      "mean": 151.98400000000001, 
      "median": 110.0, 
      "min": 0, 
      "std": 152.9673769490301
    }
  }
}