{
  "ansible": {
    "issue": {
      "max": 1061, 
      "mean": 238.05036630036631, 
      "median": 211.0, 
      "min": -1, 
      "std": 173.69640114558533
    }, 
    "pullrequest": {
      "max": 810, 
      "mean": 213.55737704918033, 
      "median": 167.0, 
      "min": 0, 
      "std": 180.71285686861523
    }
  }, 
  "ansible-modules-core": {
    "issue": {
      "max": 733, 
      "mean": 270.01556886227547, 
      "median": 234.0, 
      "min": 0, 
      "std": 205.16717529246918
    }, 
    "pullrequest": {
      "max": 726, 
      "mean": 167.15309446254071, 
      "median": 136.0, 
      "min": 1, 
      "std": 136.76132714029023
    }
  }, 
  "ansible-modules-extras": {
    "issue": {
      "max": 716, 
      "mean": 211.15436241610738, 
      "median": 188.5, 
      "min": 2, 
      "std": 163.46995392632257
    }, 
    "pullrequest": {
      "max": 732, 
      "mean": 158.22485207100593, 
      "median": 127.0, 
      "min": 0, 
      "std": 151.54321459983061
    }
  }
}