{
  "ansible": {
    "issue": {
      "max": 1077, 
      "mean": 247.26528776978418, 
      "median": 220.5, 
      "min": 0, 
      "std": 177.40561564991626
    }, 
    "pullrequest": {
      "max": 826, 
      "mean": 209.15835140997831, 
      "median": 157.0, 
      "min": 0, 
      "std": 184.80961324046186
    }
  }, 
  "ansible-modules-core": {
    "issue": {
      "max": 749, 
      "mean": 265.40214797136036, 
      "median": 231.0, 
      "min": 0, 
      "std": 208.52871769895728
    }, 
    "pullrequest": {
      "max": 742, 
      "mean": 169.93846153846152, 
      "median": 137.0, 
      "min": 0, 
      "std": 141.223802409027
    }
  }, 
  "ansible-modules-extras": {
    "issue": {
      "max": 732, 
      "mean": 214.05921052631578, 
      "median": 187.0, 
      "min": 3, 
      "std": 168.82610305595796
    }, 
    "pullrequest": {
      "max": 747, 
      "mean": 152.27272727272728, 
      "median": 111.0, 
      "min": 0, 
      "std": 152.96099063901184
    }
  }
}