{
  "ansible": {
    "issue": {
      "max": 1077, 
      "mean": 247.23698384201077, 
      "median": 220.5, 
      "min": -1, 
      "std": 177.55266605898947
    }, 
    "pullrequest": {
      "max": 826, 
      "mean": 210.02178649237473, 
      "median": 158.0, 
      "min": -1, 
      "std": 185.0841872988988
    }
  }, 
  "ansible-modules-core": {
    "issue": {
      "max": 749, 
      "mean": 264.56294536817103, 
      "median": 231.0, 
      "min": -1, 
      "std": 208.83512221525316
    }, 
    "pullrequest": {
      "max": 742, 
      "mean": 169.78220858895705, 
      "median": 135.0, 
      "min": 0, 
      "std": 141.30562900238678
    }
  }, 
  "ansible-modules-extras": {
    "issue": {
      "max": 732, 
      "mean": 213.72786885245901, 
      "median": 187.0, 
      "min": 0, 
      "std": 169.09660070760751
    }, 
    "pullrequest": {
      "max": 748, 
      "mean": 151.0952380952381, 
      "median": 110.0, 
      "min": 0, 
      "std": 152.90864730867483
    }
  }
}