{
  "ansible": {
    "issue": {
      "max": 1063, 
      "mean": 239.87637362637363, 
      "median": 213.0, 
      "min": -1, 
      "std": 174.06500698851474
    }, 
    "pullrequest": {
      "max": 812, 
      "mean": 213.47331786542924, 
      "median": 168.0, 
      "min": 0, 
      "std": 181.26978933910308
    }
  }, 
  "ansible-modules-core": {
    "issue": {
      "max": 735, 
      "mean": 270.13706793802146, 
      "median": 234.0, 
      "min": -1, 
      "std": 206.12721934969687
    }, 
    "pullrequest": {
      "max": 728, 
      "mean": 168.04530744336569, 
      "median": 137.0, 
      "min": 0, 
      "std": 137.13182382587794
    }
  }, 
  "ansible-modules-extras": {
    "issue": {
      "max": 718, 
      "mean": 213.53040540540542, 
      "median": 190.5, 
      "min": 0, 
      "std": 163.67394795040988
    }, 
    "pullrequest": {
      "max": 734, 
      "mean": 156.0927536231884, 
      "median": 126.0, 
      "min": -1, 
      "std": 151.60955795540085
    }
  }
}