{
  "ansible": {
    "issue": {
      "max": 1085, 
      "mean": 250.10856134157106, 
      "median": 224.0, 
      "min": -1, 
      "std": 179.43738602870539
    }, 
    "pullrequest": {
      "max": 834, 
      "mean": 212.6013071895425, 
      "median": 162.0, 
      "min": 0, 
      "std": 186.57863259784628
    }
  }, 
  "ansible-modules-core": {
    "issue": {
      "max": 757, 
      "mean": 264.52550415183867, 
      "median": 235.0, 
      "min": 0, 
      "std": 210.83530478401809
    }, 
    "pullrequest": {
      "max": 750, 
      "mean": 168.74107142857142, 
      "median": 136.0, 
      "min": -1, 
      "std": 144.41489577831493
    }
  }, 
  "ansible-modules-extras": {
    "issue": {
      "max": 740, 
      "mean": 217.08737864077671, 
      "median": 192.0, 
      "min": 0, 
      "std": 171.59771425195083
    }, 
    "pullrequest": {
      "max": 756, 
      "mean": 151.51554404145077, 
      "median": 110.5, 
      "min": -1, 
      "std": 152.44457420314646
    }
  }
}