{
  "ansible": {
    "issue": {
      "max": 1083, 
      "mean": 252.00358102059087, 
      "median": 226.0, 
      "min": 0, 
      "std": 177.95270610299417
    }, 
    "pullrequest": {
      "max": 832, 
      "mean": 208.7863247863248, 
      "median": 155.0, 
      "min": 0, 
      "std": 186.8436468280286
    }
  }, 
  "ansible-modules-core": {
    "issue": {
      "max": 755, 
      "mean": 264.14573459715638, 
      "median": 234.0, 
      "min": 1, 
      "std": 210.74353552639883
    }, 
    "pullrequest": {
      "max": 748, 
      "mean": 170.08206686930092, 
      "median": 135.0, 
      "min": 0, 
      "std": 143.67999719270753
    }
  }, 
  "ansible-modules-extras": {
    "issue": {
      "max": 738, 
      "mean": 214.77096774193549, 
      "median": 189.0, 
      "min": 0, 
      "std": 170.8704351511428
    }, 
    "pullrequest": {
      "max": 753, 
      "mean": 148.73417721518987, 
      "median": 108.0, 
      "min": 0, 
      "std": 153.18848395596874
    }
  }
}