{
  "ansible": {
    "issue": {
      "max": 1063, 
      "mean": 239.75366300366301, 
      "median": 213.0, 
      "min": 0, 
      "std": 174.05878426656696
    }, 
    "pullrequest": {
      "max": 812, 
      "mean": 213.38515081206498, 
      "median": 168.0, 
      "min": 0, 
      "std": 181.26864134854151
    }
  }, 
  "ansible-modules-core": {
    "issue": {
      "max": 735, 
      "mean": 270.33890214797134, 
      "median": 234.5, 
      "min": -1, 
      "std": 206.04317431048355
    }, 
    "pullrequest": {
      "max": 728, 
      "mean": 167.41612903225806, 
      "median": 137.0, 
      "min": 0, 
      "std": 137.24126765046267
    }
  }, 
  "ansible-modules-extras": {
    "issue": {
      "max": 718, 
      "mean": 213.39527027027026, 
      "median": 190.5, 
      "min": -1, 
      "std": 163.68485658400704
    }, 
    "pullrequest": {
      "max": 734, 
      "mean": 156.41279069767441, 
      "median": 126.0, 
      "min": -1, 
      "std": 151.60758118777358
    }
  }
}