{
  "ansible": {
    "issue": {
      "max": 1063, 
      "mean": 239.73833485818847, 
      "median": 213.0, 
      "min": -1, 
      "std": 174.19221792782338
    }, 
    "pullrequest": {
      "max": 812, 
      "mean": 213.0810185185185, 
      "median": 167.0, 
      "min": -1, 
      "std": 181.34907358890814
    }
  }, 
  "ansible-modules-core": {
    "issue": {
      "max": 735, 
      "mean": 269.94999999999999, 
      "median": 233.5, 
      "min": -1, 
      "std": 206.19899629103088
    }, 
    "pullrequest": {
      "max": 728, 
      "mean": 167.61290322580646, 
      "median": 137.0, 
      "min": -1, 
      "std": 137.22742541168535
    }
  }, 
  "ansible-modules-extras": {
    "issue": {
      "max": 718, 
      "mean": 212.94949494949495, 
      "median": 190.0, 
      "min": -1, 
      "std": 163.82651005062587
    }, 
    "pullrequest": {
      "max": 734, 
      "mean": 155.27089337175792, 
      "median": 126.0, 
      "min": -1, 
      "std": 151.61127428387371
    }
  }
}