{
  "ansible": {
    "issue": {
      "max": 1062, 
      "mean": 239.21408966148215, 
      "median": 212.0, 
      "min": -1, 
      "std": 174.12358480142225
    }, 
    "pullrequest": {
      "max": 812, 
      "mean": 213.02552204176334, 
      "median": 167.0, 
      "min": -1, 
      "std": 181.25820067379686
    }
  }, 
  "ansible-modules-core": {
    "issue": {
      "max": 735, 
      "mean": 272.30565583634177, 
      "median": 236.0, 
      "min": -1, 
      "std": 205.39452325857673
    }, 
    "pullrequest": {
      "max": 728, 
      "mean": 167.58252427184465, 
      "median": 137.0, 
      "min": 0, 
      "std": 137.16058603427442
    }
  }, 
  "ansible-modules-extras": {
    "issue": {
      "max": 717, 
      "mean": 213.77627118644068, 
      "median": 192.0, 
      "min": 4, 
      "std": 163.44531282481316
    }, 
    "pullrequest": {
      "max": 733, 
      "mean": 156.51311953352769, 
      "median": 126.0, 
      "min": 0, 
      "std": 151.58955335055478
    }
  }
}