{
  "ansible": {
    "issue": {
      "max": 1082, 
      "mean": 251.25358422939067, 
      "median": 225.0, 
      "min": 0, 
      "std": 177.87283332432628
    }, 
    "pullrequest": {
      "max": 831, 
      "mean": 206.08686440677965, 
      "median": 152.0, 
      "min": 0, 
      "std": 186.99986086371672
    }
  }, 
  "ansible-modules-core": {
    "issue": {
      "max": 754, 
      "mean": 263.72373081463991, 
      "median": 233.0, 
      "min": 0, 
      "std": 210.62750277875162
    }, 
    "pullrequest": {
      "max": 747, 
      "mean": 170.91104294478527, 
      "median": 135.5, 
      "min": 0, 
      "std": 143.17444441832168
    }
  }, 
  "ansible-modules-extras": {
    "issue": {
      "max": 737, 
      "mean": 213.91961414790995, 
      "median": 188.0, 
      "min": 1, 
      "std": 170.28926581726824
    }, 
    "pullrequest": {
      "max": 753, 
      "mean": 149.83076923076922, 
      "median": 107.0, 
      "min": 0, 
      "std": 153.12986637599917
    }
  }
}