{
  "ansible": {
    "issue": {
      "max": 1060, 
      "mean": 237.40421631530705, 
      "median": 210.0, 
      "min": -1, 
      "std": 173.58688260273843
    }, 
    "pullrequest": {
      "max": 809, 
      "mean": 212.62763466042153, 
      "median": 166.0, 
      "min": 0, 
      "std": 180.7152702043673
    }
  }, 
  "ansible-modules-core": {
    "issue": {
      "max": 732, 
      "mean": 269.76110444177669, 
      "median": 233.0, 
      "min": 0, 
      "std": 204.98112072989301
    }, 
    "pullrequest": {
      "max": 725, 
      "mean": 164.12861736334406, 
      "median": 134.0, 
      "min": 0, 
      "std": 137.12843810807334
    }
  }, 
  "ansible-modules-extras": {
    "issue": {
      "max": 715, 
      "mean": 210.26845637583892, 
      "median": 187.5, 
      "min": 1, 
      "std": 163.47536936049454
    }, 
    "pullrequest": {
      "max": 731, 
      "mean": 158.27678571428572, 
      "median": 127.0, 
      "min": 1, 
      "std": 151.49125052261752
    }
  }
}