{
  "ansible": {
    "issue": {
      "max": 1083, 
      "mean": 252.35957066189624, 
      "median": 226.0, 
      "min": 0, 
      "std": 178.21982329070232
    }, 
    "pullrequest": {
      "max": 833, 
      "mean": 211.14439655172413, 
      "median": 158.0, 
      "min": 0, 
      "std": 186.84475926134229
    }
  }, 
  "ansible-modules-core": {
    "issue": {
      "max": 755, 
      "mean": 263.95848161328587, 
      "median": 234.0, 
      "min": 0, 
      "std": 210.58578849054186
    }, 
    "pullrequest": {
      "max": 749, 
      "mean": 171.17378048780489, 
      "median": 136.5, 
      "min": 0, 
      "std": 143.73719555392719
    }
  }, 
  "ansible-modules-extras": {
    "issue": {
      "max": 738, 
      "mean": 215.5, 
      "median": 190.0, 
      "min": 0, 
      "std": 170.9591113159386
    }, 
    "pullrequest": {
      "max": 754, 
      "mean": 149.63705583756345, 
      "median": 109.0, 
      "min": 0, 
      "std": 153.40726707471163
    }
  }
}