{
  "ansible": {
    "issue": {
      "max": 1090, 
      "mean": 253.33451015004414, 
      "median": 228.0, 
      "min": 0, 
      "std": 179.81390355674728
    }, 
    "pullrequest": {
      "max": 839, 
      "mean": 215.87799564270153, 
      "median": 164.0, 
      "min": 0, 
      "std": 186.57799695933991
    }
  }, 
  "ansible-modules-core": {
    "issue": {
      "max": 762, 
      "mean": 261.77341040462426, 
      "median": 233.0, 
      "min": 0, 
      "std": 212.62266391913295
    }, 
    "pullrequest": {
      "max": 755, 
      "mean": 171.45427728613569, 
      "median": 140.0, 
      "min": 1, 
      "std": 145.1267988086359
    }
  }, 
  "ansible-modules-extras": {
    "issue": {
      "max": 745, 
      "mean": 215.72668810289389, 
      "median": 193.0, 
      "min": 2, 
      "std": 172.78347106408694
    }, 
    "pullrequest": {
      "max": 761, 
      "mean": 144.59726027397261, 
      "median": 102.0, 
      "min": 0, 
      "std": 148.35119196311658
    }
  }
}