{
  "ansible": {
    "issue": {
      "max": 1063, 
      "mean": 239.91582799634034, 
      "median": 213.0, 
      "min": -1, 
      "std": 174.17491354627506
    }, 
    "pullrequest": {
      "max": 812, 
      "mean": 213.74477958236659, 
      "median": 168.0, 
      "min": 0, 
      "std": 181.28131172536206
    }
  }, 
  "ansible-modules-core": {
    "issue": {
      "max": 735, 
      "mean": 270.11785714285713, 
      "median": 234.0, 
      "min": 0, 
      "std": 206.23453861857789
    }, 
    "pullrequest": {
      "max": 729, 
      "mean": 167.78387096774193, 
      "median": 137.5, 
      "min": 0, 
      "std": 137.24017703087978
    }
  }, 
  "ansible-modules-extras": {
    "issue": {
      "max": 718, 
      "mean": 213.12121212121212, 
      "median": 190.0, 
      "min": 0, 
      "std": 163.86628814920033
    }, 
    "pullrequest": {
      "max": 734, 
      "mean": 155.4265129682997, 
      "median": 126.0, 
      "min": 0, 
      "std": 151.60302777006461
    }
  }
}