{
  "ansible": {
    "issue": {
      "max": 1059, 
      "mean": 236.35747021081576, 
      "median": 209.0, 
      "min": 0, 
      "std": 173.42286204624119
    }, 
    "pullrequest": {
      "max": 808, 
      "mean": 211.53720930232558, 
      "median": 165.5, 
      "min": 0, 
      "std": 180.08799467141097
    }
  }, 
  "ansible-modules-core": {
    "issue": {
      "max": 731, 
      "mean": 269.86778846153845, 
      "median": 232.5, 
      "min": 0, 
      "std": 204.67791729398022
    }, 
    "pullrequest": {
      "max": 724, 
      "mean": 150.25147928994082, 
      "median": 112.5, 
      "min": 0, 
      "std": 138.40654489369112
    }
  }, 
  "ansible-modules-extras": {
    "issue": {
      "max": 714, 
      "mean": 209.0268456375839, 
      "median": 186.5, 
      "min": 0, 
      "std": 163.45614711900436
    }, 
    "pullrequest": {
      "max": 730, 
      "mean": 157.52537313432836, 
      "median": 125.0, 
      "min": 0, 
      "std": 151.49018523282521
    }
  }
}