{
  "ansible": {
    "issue": {
      "max": 1079, 
      "mean": 248.12444046553267, 
      "median": 222.0, 
      "min": 0, 
      "std": 177.877412704817
    }, 
    "pullrequest": {
      "max": 828, 
      "mean": 206.12553191489363, 
      "median": 152.5, 
      "min": -1, 
      "std": 186.13545510190599
    }
  }, 
  "ansible-modules-core": {
    "issue": {
      "max": 751, 
      "mean": 262.30128956623679, 
      "median": 231.0, 
      "min": 0, 
      "std": 209.9362197807425
    }, 
    "pullrequest": {
      "max": 744, 
      "mean": 168.85582822085888, 
      "median": 132.5, 
      "min": -1, 
      "std": 142.30415692989706
    }
  }, 
  "ansible-modules-extras": {
    "issue": {
      "max": 734, 
      "mean": 212.51456310679612, 
      "median": 185.0, 
      "min": 0, 
      "std": 169.77498133204963
    }, 
    "pullrequest": {
      "max": 750, 
      "mean": 148.03846153846155, 
      "median": 104.5, 
      "min": 0, 
      "std": 152.87935936780366
    }
  }
}