{
  "ansible": {
    "issue": {
      "max": 1059, 
      "mean": 236.31684981684981, 
      "median": 209.0, 
      "min": -1, 
      "std": 173.48851808278226
    }, 
    "pullrequest": {
      "max": 808, 
      "mean": 211.40654205607476, 
      "median": 164.5, 
      "min": -1, 
      "std": 180.50933430237234
    }
  }, 
  "ansible-modules-core": {
    "issue": {
      "max": 731, 
      "mean": 270.37545126353791, 
      "median": 233.0, 
      "min": -1, 
      "std": 204.58908615743948
    }, 
    "pullrequest": {
      "max": 724, 
      "mean": 149.97050147492627, 
      "median": 112.0, 
      "min": 0, 
      "std": 138.46863381887584
    }
  }, 
  "ansible-modules-extras": {
    "issue": {
      "max": 714, 
      "mean": 209.25503355704697, 
      "median": 186.5, 
      "min": 0, 
      "std": 163.48183629018533
    }, 
    "pullrequest": {
      "max": 730, 
      "mean": 157.25892857142858, 
      "median": 125.5, 
      "min": 0, 
      "std": 151.48438621032435
    }
  }
}