{
  "ansible": {
    "issue": {
      "max": 1077, 
      "mean": 247.2273135669362, 
      "median": 220.0, 
      "min": 0, 
      "std": 177.47967877719623
    }, 
    "pullrequest": {
      "max": 826, 
      "mean": 210.31004366812226, 
      "median": 160.0, 
      "min": -1, 
      "std": 185.01381969980179
    }
  }, 
  "ansible-modules-core": {
    "issue": {
      "max": 749, 
      "mean": 265.2777115613826, 
      "median": 231.0, 
      "min": 0, 
      "std": 208.61987688433487
    }, 
    "pullrequest": {
      "max": 742, 
      "mean": 168.57317073170731, 
      "median": 132.0, 
      "min": 0, 
      "std": 141.51945746492237
    }
  }, 
  "ansible-modules-extras": {
    "issue": {
      "max": 732, 
      "mean": 213.48852459016393, 
      "median": 187.0, 
      "min": -1, 
      "std": 169.13886243660195
    }, 
    "pullrequest": {
      "max": 748, 
      "mean": 152.11733333333333, 
      "median": 110.0, 
      "min": 0, 
      "std": 152.94789384914355
    }
  }
}