{
  "ansible": {
    "issue": {
      "max": 1090, 
      "mean": 248.91985752448798, 
      "median": 226.0, 
      "min": 0, 
      "std": 175.66503781204656
    }, 
    "pullrequest": {
      "max": 840, 
      "mean": 214.42025862068965, 
      "median": 161.5, 
      "min": -1, 
      "std": 186.95001550276706
    }
  }, 
  "ansible-modules-core": {
    "issue": {
      "max": 763, 
      "mean": 261.10000000000002, 
      "median": 230.0, 
      "min": 0, 
      "std": 213.013178319866
    }, 
    "pullrequest": {
      "max": 756, 
      "mean": 168.83236994219652, 
      "median": 137.5, 
      "min": 0, 
      "std": 145.76079340612611
    }
  }, 
  "ansible-modules-extras": {
    "issue": {
      "max": 746, 
      "mean": 215.95833333333334, 
      "median": 194.0, 
      "min": 0, 
      "std": 172.94456331968809
    }, 
    "pullrequest": {
      "max": 761, 
      "mean": 145.44109589041096, 
      "median": 103.0, 
      "min": 0, 
      "std": 148.37021433868935
    }
  }
}