{
  "ansible": {
    "issue": {
      "max": 1091, 
      "mean": 247.84883720930233, 
      "median": 223.5, 
      "min": -1, 
      "std": 175.06656912631959
    }, 
    "pullrequest": {
      "max": 841, 
      "mean": 213.80860215053764, 
      "median": 161.0, 
      "min": -1, 
      "std": 187.11899477491028
    }
  }, 
  "ansible-modules-core": {
    "issue": {
      "max": 763, 
      "mean": 263.08208092485552, 
      "median": 235.0, 
      "min": -1, 
      "std": 212.98615432286206
    }, 
    "pullrequest": {
      "max": 757, 
      "mean": 170.43401759530792, 
      "median": 139.0, 
      "min": 0, 
      "std": 146.19698844132691
    }
  }, 
  "ansible-modules-extras": {
    "issue": {
      "max": 746, 
      "mean": 214.70793650793649, 
      "median": 190.0, 
      "min": -1, 
      "std": 173.43917217557384
    }, 
    "pullrequest": {
      "max": 762, 
      "mean": 144.67208672086721, 
      "median": 103.0, 
      "min": -1, 
      "std": 148.30192708988113
    }
  }
}