{
  "ansible": {
    "issue": {
      "max": 1058, 
      "mean": 236.39190432382705, 
      "median": 208.0, 
      "min": -1, 
      "std": 173.02805939062009
    }, 
    "pullrequest": {
      "max": 807, 
      "mean": 217.04761904761904, 
      "median": 168.5, 
      "min": 0, 
      "std": 179.55359358843683
    }
  }, 
  "ansible-modules-core": {
    "issue": {
      "max": 730, 
      "mean": 271.00847457627117, 
      "median": 234.5, 
      "min": -1, 
      "std": 204.00354570305001
    }, 
    "pullrequest": {
      "max": 723, 
      "mean": 149.78635014836794, 
      "median": 112.0, 
      "min": 0, 
      "std": 138.37647671924051
    }
  }, 
  "ansible-modules-extras": {
    "issue": {
      "max": 713, 
      "mean": 208.85185185185185, 
      "median": 187.0, 
      "min": 0, 
      "std": 163.29698092142465
    }, 
    "pullrequest": {
      "max": 729, 
      "mean": 158.53474320241691, 
      "median": 126.0, 
      "min": -1, 
      "std": 151.39758137062043
    }
  }
}