{
  "ansible": {
    "issue": {
      "max": 1082, 
      "mean": 251.48297491039426, 
      "median": 225.0, 
      "min": 0, 
      "std": 177.87149693924536
    }, 
    "pullrequest": {
      "max": 831, 
      "mean": 206.7176220806794, 
      "median": 152.0, 
      "min": 0, 
      "std": 186.98166539168216
    }
  }, 
  "ansible-modules-core": {
    "issue": {
      "max": 754, 
      "mean": 263.95513577331758, 
      "median": 234.0, 
      "min": 0, 
      "std": 210.63215779522534
    }, 
    "pullrequest": {
      "max": 747, 
      "mean": 170.60244648318042, 
      "median": 135.0, 
      "min": 0, 
      "std": 143.27179873254028
    }
  }, 
  "ansible-modules-extras": {
    "issue": {
      "max": 737, 
      "mean": 214.19614147909968, 
      "median": 189.0, 
      "min": 1, 
      "std": 170.31016754260904
    }, 
    "pullrequest": {
      "max": 753, 
      "mean": 149.72378516624042, 
      "median": 108.0, 
      "min": -1, 
      "std": 153.11807931057481
    }
  }
}