{
  "ansible": {
    "issue": {
      "max": 1091, 
      "mean": 247.7602862254025, 
      "median": 223.0, 
      "min": -1, 
      "std": 175.05020429037077
    }, 
    "pullrequest": {
      "max": 840, 
      "mean": 213.70537634408603, 
      "median": 161.0, 
      "min": -1, 
      "std": 187.11648167125847
    }
  }, 
  "ansible-modules-core": {
    "issue": {
      "max": 763, 
      "mean": 262.37672811059906, 
      "median": 232.5, 
      "min": -1, 
      "std": 212.94951861145952
    }, 
    "pullrequest": {
      "max": 757, 
      "mean": 169.90434782608696, 
      "median": 139.0, 
      "min": -1, 
      "std": 145.74207755312878
    }
  }, 
  "ansible-modules-extras": {
    "issue": {
      "max": 746, 
      "mean": 214.61269841269842, 
      "median": 190.0, 
      "min": -1, 
      "std": 173.46740921848271
    }, 
    "pullrequest": {
      "max": 762, 
      "mean": 144.59349593495935, 
      "median": 103.0, 
      "min": -1, 
      "std": 148.30789975058255
    }
  }
}