{
  "ansible": {
    "issue": {
      "max": 1061, 
      "mean": 238.21264894592116, 
      "median": 211.0, 
      "min": 0, 
      "std": 173.62816941639855
    }, 
    "pullrequest": {
      "max": 810, 
      "mean": 213.50819672131146, 
      "median": 167.0, 
      "min": 0, 
      "std": 180.70987215795111
    }
  }, 
  "ansible-modules-core": {
    "issue": {
      "max": 733, 
      "mean": 269.96646706586824, 
      "median": 234.0, 
      "min": -1, 
      "std": 205.17153057716038
    }, 
    "pullrequest": {
      "max": 726, 
      "mean": 167.10423452768728, 
      "median": 136.0, 
      "min": 1, 
      "std": 136.77810395484528
    }
  }, 
  "ansible-modules-extras": {
    "issue": {
      "max": 716, 
      "mean": 211.08724832214764, 
      "median": 188.5, 
      "min": 2, 
      "std": 163.46265435137181
    }, 
    "pullrequest": {
      "max": 732, 
      "mean": 158.17159763313609, 
      "median": 127.0, 
      "min": 0, 
      "std": 151.54619315826176
    }
  }
}