{
  "ansible": {
    "issue": {
      "max": 1070, 
      "mean": 242.61538461538461, 
      "median": 215.0, 
      "min": 0, 
      "std": 176.2884040210044
    }, 
    "pullrequest": {
      "max": 819, 
      "mean": 214.62100456621005, 
      "median": 171.0, 
      "min": 0, 
      "std": 182.7566131502015
    }
  }, 
  "ansible-modules-core": {
    "issue": {
      "max": 742, 
      "mean": 266.08404384896465, 
      "median": 232.0, 
      "min": -1, 
      "std": 206.61560041518214
    }, 
    "pullrequest": {
      "max": 735, 
      "mean": 162.40909090909091, 
      "median": 125.0, 
      "min": -1, 
      "std": 140.30298137966292
    }
  }, 
  "ansible-modules-extras": {
    "issue": {
      "max": 725, 
      "mean": 216.58703071672355, 
      "median": 189.0, 
      "min": 0, 
      "std": 166.76071666794479
    }, 
    "pullrequest": {
      "max": 741, 
      "mean": 154.0952380952381, 
      "median": 118.0, 
      "min": 0, 
      "std": 152.34058814134676
    }
  }
}