{
  "ansible": {
    "issue": {
      "max": 1085, 
      "mean": 250.41659311562225, 
      "median": 225.0, 
      "min": 0, 
      "std": 179.44788662496256
    }, 
    "pullrequest": {
      "max": 835, 
      "mean": 212.92156862745097, 
      "median": 162.0, 
      "min": 0, 
      "std": 186.59100460324072
    }
  }, 
  "ansible-modules-core": {
    "issue": {
      "max": 757, 
      "mean": 264.69157769869514, 
      "median": 235.0, 
      "min": 0, 
      "std": 211.00148647725894
    }, 
    "pullrequest": {
      "max": 751, 
      "mean": 170.04491017964071, 
      "median": 137.5, 
      "min": 0, 
      "std": 144.29760006414995
    }
  }, 
  "ansible-modules-extras": {
    "issue": {
      "max": 740, 
      "mean": 216.68387096774194, 
      "median": 192.0, 
      "min": 0, 
      "std": 171.79523651207973
    }, 
    "pullrequest": {
      "max": 756, 
      "mean": 143.15745856353593, 
      "median": 98.5, 
      "min": 0, 
      "std": 147.45453484950792
    }
  }
}