{
  "ansible": {
    "issue": {
      "max": 1058, 
      "mean": 236.3413063477461, 
      "median": 208.0, 
      "min": -1, 
      "std": 173.02659546210776
    }, 
    "pullrequest": {
      "max": 807, 
      "mean": 217.00952380952381, 
      "median": 168.5, 
      "min": -1, 
      "std": 179.55137188947427
    }
  }, 
  "ansible-modules-core": {
    "issue": {
      "max": 730, 
      "mean": 271.28969696969699, 
      "median": 236.0, 
      "min": 0, 
      "std": 203.91104347588268
    }, 
    "pullrequest": {
      "max": 723, 
      "mean": 150.08875739644969, 
      "median": 112.0, 
      "min": 0, 
      "std": 138.31893658064007
    }
  }, 
  "ansible-modules-extras": {
    "issue": {
      "max": 713, 
      "mean": 208.78451178451178, 
      "median": 187.0, 
      "min": 0, 
      "std": 163.2823277271425
    }, 
    "pullrequest": {
      "max": 729, 
      "mean": 159.45896656534956, 
      "median": 126.0, 
      "min": 0, 
      "std": 151.34119442784541
    }
  }
}