{
  "ansible": {
    "issue": {
      "max": 1058, 
      "mean": 236.18990825688073, 
      "median": 208.0, 
      "min": -1, 
      "std": 173.32164957120426
    }, 
    "pullrequest": {
      "max": 807, 
      "mean": 216.41706161137441, 
      "median": 168.5, 
      "min": -1, 
      "std": 179.8368046217991
    }
  }, 
  "ansible-modules-core": {
    "issue": {
      "max": 730, 
      "mean": 270.1397590361446, 
      "median": 232.5, 
      "min": -1, 
      "std": 204.50291124670002
    }, 
    "pullrequest": {
      "max": 724, 
      "mean": 149.85207100591717, 
      "median": 112.0, 
      "min": 0, 
      "std": 138.35887864696164
    }
  }, 
  "ansible-modules-extras": {
    "issue": {
      "max": 713, 
      "mean": 208.72147651006711, 
      "median": 186.0, 
      "min": 0, 
      "std": 163.46167051232217
    }, 
    "pullrequest": {
      "max": 729, 
      "mean": 157.57485029940119, 
      "median": 125.5, 
      "min": -1, 
      "std": 151.45624087645479
    }
  }
}