{
  "ansible": {
    "issue": {
      "max": 1091, 
      "mean": 248.67054610564011, 
      "median": 224.0, 
      "min": 0, 
      "std": 175.01354023833807
    }, 
    "pullrequest": {
      "max": 840, 
      "mean": 214.3952483801296, 
      "median": 162.0, 
      "min": -1, 
      "std": 187.00273539276574
    }
  }, 
  "ansible-modules-core": {
    "issue": {
      "max": 763, 
      "mean": 262.4648212226067, 
      "median": 234.0, 
      "min": 0, 
      "std": 212.85577768946501
    }, 
    "pullrequest": {
      "max": 756, 
      "mean": 170.21220930232559, 
      "median": 139.5, 
      "min": 0, 
      "std": 145.64950271672956
    }
  }, 
  "ansible-modules-extras": {
    "issue": {
      "max": 746, 
      "mean": 215.79233226837061, 
      "median": 194.0, 
      "min": 0, 
      "std": 173.12886022129697
    }, 
    "pullrequest": {
      "max": 762, 
      "mean": 145.1634877384196, 
      "median": 103.0, 
      "min": 0, 
      "std": 148.3238428998414
    }
  }
}