{
  "ansible": {
    "issue": {
      "max": 1090, 
      "mean": 250.59734513274336, 
      "median": 226.5, 
      "min": -1, 
      "std": 177.55131825030389
    }, 
    "pullrequest": {
      "max": 839, 
      "mean": 215.15184381778741, 
      "median": 163.0, 
      "min": -1, 
      "std": 186.75591835039575
    }
  }, 
  "ansible-modules-core": {
    "issue": {
      "max": 762, 
      "mean": 260.54827586206898, 
      "median": 229.0, 
      "min": -1, 
      "std": 212.93892997600554
    }, 
    "pullrequest": {
      "max": 755, 
      "mean": 170.19883040935673, 
      "median": 139.5, 
      "min": -1, 
      "std": 145.39024396281798
    }
  }, 
  "ansible-modules-extras": {
    "issue": {
      "max": 745, 
      "mean": 214.69009584664536, 
      "median": 193.0, 
      "min": 0, 
      "std": 173.08721821548662
    }, 
    "pullrequest": {
      "max": 761, 
      "mean": 145.67493112947659, 
      "median": 102.0, 
      "min": -1, 
      "std": 148.38918045357607
    }
  }
}