{
  "ansible": {
    "issue": {
      "max": 1084, 
      "mean": 252.78782452999104, 
      "median": 227.0, 
      "min": 0, 
      "std": 178.16656705791095
    }, 
    "pullrequest": {
      "max": 833, 
      "mean": 212.14316702819957, 
      "median": 160.0, 
      "min": 0, 
      "std": 187.19930654487212
    }
  }, 
  "ansible-modules-core": {
    "issue": {
      "max": 756, 
      "mean": 264.15201900237531, 
      "median": 234.0, 
      "min": 0, 
      "std": 210.70911984240203
    }, 
    "pullrequest": {
      "max": 749, 
      "mean": 170.41818181818181, 
      "median": 136.0, 
      "min": 0, 
      "std": 143.90394829916292
    }
  }, 
  "ansible-modules-extras": {
    "issue": {
      "max": 739, 
      "mean": 215.67419354838711, 
      "median": 190.0, 
      "min": 0, 
      "std": 170.96328688656905
    }, 
    "pullrequest": {
      "max": 754, 
      "mean": 149.83715012722647, 
      "median": 109.0, 
      "min": 0, 
      "std": 153.63245172463235
    }
  }
}