{
  "ansible": {
    "issue": {
      "max": 1060, 
      "mean": 237.69569202566453, 
      "median": 210.0, 
      "min": -1, 
      "std": 173.56575545399969
    }, 
    "pullrequest": {
      "max": 809, 
      "mean": 212.35280373831776, 
      "median": 166.0, 
      "min": 0, 
      "std": 180.78761825053118
    }
  }, 
  "ansible-modules-core": {
    "issue": {
      "max": 732, 
      "mean": 269.71822541966429, 
      "median": 233.0, 
      "min": 0, 
      "std": 205.07452228839858
    }, 
    "pullrequest": {
      "max": 725, 
      "mean": 164.37620578778134, 
      "median": 134.0, 
      "min": 0, 
      "std": 137.10374629214289
    }
  }, 
  "ansible-modules-extras": {
    "issue": {
      "max": 715, 
      "mean": 210.58053691275168, 
      "median": 188.0, 
      "min": 2, 
      "std": 163.47497978945094
    }, 
    "pullrequest": {
      "max": 731, 
      "mean": 158.49404761904762, 
      "median": 127.0, 
      "min": 1, 
      "std": 151.45353275383437
    }
  }
}