{
  "ansible": {
    "issue": {
      "max": 1060, 
      "mean": 237.45871559633028, 
      "median": 210.0, 
      "min": -1, 
      "std": 173.51701564289411
    }, 
    "pullrequest": {
      "max": 809, 
      "mean": 212.50585480093676, 
      "median": 166.0, 
      "min": -1, 
      "std": 180.70506418839665
    }
  }, 
  "ansible-modules-core": {
    "issue": {
      "max": 732, 
      "mean": 269.61224489795916, 
      "median": 233.0, 
      "min": 0, 
      "std": 204.98660909943968
    }, 
    "pullrequest": {
      "max": 725, 
      "mean": 164.0, 
      "median": 134.0, 
      "min": 0, 
      "std": 137.13161701756488
    }
  }, 
  "ansible-modules-extras": {
    "issue": {
      "max": 715, 
      "mean": 210.08053691275168, 
      "median": 187.5, 
      "min": 1, 
      "std": 163.45898308563397
    }, 
    "pullrequest": {
      "max": 731, 
      "mean": 158.11309523809524, 
      "median": 126.0, 
      "min": 0, 
      "std": 151.50296341574588
    }
  }
}