{
  "ansible": {
    "issue": {
      "max": 1079, 
      "mean": 248.20411817367949, 
      "median": 222.0, 
      "min": 0, 
      "std": 177.86597677680936
    }, 
    "pullrequest": {
      "max": 828, 
      "mean": 206.19361702127659, 
      "median": 152.5, 
      "min": 0, 
      "std": 186.15459933312044
    }
  }, 
  "ansible-modules-core": {
    "issue": {
      "max": 751, 
      "mean": 262.37983587338806, 
      "median": 231.0, 
      "min": 0, 
      "std": 209.93943450069708
    }, 
    "pullrequest": {
      "max": 744, 
      "mean": 168.93865030674846, 
      "median": 132.5, 
      "min": 0, 
      "std": 142.30780573685499
    }
  }, 
  "ansible-modules-extras": {
    "issue": {
      "max": 734, 
      "mean": 212.61812297734627, 
      "median": 185.0, 
      "min": 0, 
      "std": 169.79049472435776
    }, 
    "pullrequest": {
      "max": 750, 
      "mean": 148.12564102564102, 
      "median": 105.0, 
      "min": 0, 
      "std": 152.87750118372171
    }
  }
}