{
  "ansible": {
    "issue": {
      "max": 1071, 
      "mean": 243.22875226039784, 
      "median": 216.0, 
      "min": 0, 
      "std": 176.36720161702095
    }, 
    "pullrequest": {
      "max": 820, 
      "mean": 213.9251700680272, 
      "median": 172.0, 
      "min": -1, 
      "std": 183.04768427363837
    }
  }, 
  "ansible-modules-core": {
    "issue": {
      "max": 743, 
      "mean": 265.93567961165047, 
      "median": 232.0, 
      "min": 0, 
      "std": 206.85338949696424
    }, 
    "pullrequest": {
      "max": 736, 
      "mean": 163.22727272727272, 
      "median": 126.0, 
      "min": 0, 
      "std": 140.3222476857903
    }
  }, 
  "ansible-modules-extras": {
    "issue": {
      "max": 726, 
      "mean": 217.36177474402731, 
      "median": 190.0, 
      "min": 1, 
      "std": 166.73243624594758
    }, 
    "pullrequest": {
      "max": 741, 
      "mean": 153.59217877094972, 
      "median": 117.0, 
      "min": 0, 
      "std": 152.40920420178222
    }
  }
}