{
  "ansible": {
    "issue": {
      "max": 1076, 
      "mean": 246.38814016172506, 
      "median": 220.0, 
      "min": 0, 
      "std": 177.45111654539588
    }, 
    "pullrequest": {
      "max": 825, 
      "mean": 206.66666666666666, 
      "median": 153.0, 
      "min": 0, 
      "std": 185.00987089814723
    }
  }, 
  "ansible-modules-core": {
    "issue": {
      "max": 748, 
      "mean": 266.62860576923077, 
      "median": 233.5, 
      "min": 0, 
      "std": 208.07366322036228
    }, 
    "pullrequest": {
      "max": 741, 
      "mean": 165.40540540540542, 
      "median": 130.0, 
      "min": 0, 
      "std": 141.64344558251642
    }
  }, 
  "ansible-modules-extras": {
    "issue": {
      "max": 731, 
      "mean": 213.42763157894737, 
      "median": 186.0, 
      "min": 2, 
      "std": 168.83317061423011
    }, 
    "pullrequest": {
      "max": 747, 
      "mean": 152.87870619946091, 
      "median": 112.0, 
      "min": -1, 
      "std": 152.9419630053236
    }
  }
}