{
  "ansible": {
    "issue": {
      "max": 1060, 
      "mean": 237.84692942254813, 
      "median": 210.0, 
      "min": 0, 
      "std": 173.56477971173396
    }, 
    "pullrequest": {
      "max": 809, 
      "mean": 213.03747072599532, 
      "median": 167.0, 
      "min": 0, 
      "std": 180.70322818248152
    }
  }, 
  "ansible-modules-core": {
    "issue": {
      "max": 732, 
      "mean": 269.87410071942446, 
      "median": 233.5, 
      "min": 0, 
      "std": 205.08831746913521
    }, 
    "pullrequest": {
      "max": 726, 
      "mean": 165.03870967741935, 
      "median": 134.5, 
      "min": 0, 
      "std": 137.01598135517682
    }
  }, 
  "ansible-modules-extras": {
    "issue": {
      "max": 715, 
      "mean": 210.72483221476509, 
      "median": 188.0, 
      "min": 2, 
      "std": 163.46283608005294
    }, 
    "pullrequest": {
      "max": 731, 
      "mean": 158.64880952380952, 
      "median": 127.0, 
      "min": 1, 
      "std": 151.4973337766705
    }
  }
}