{
  "ansible": {
    "issue": {
      "max": 1070, 
      "mean": 242.67753623188406, 
      "median": 215.5, 
      "min": 0, 
      "std": 176.22852218528934
    }, 
    "pullrequest": {
      "max": 819, 
      "mean": 214.49086757990867, 
      "median": 171.0, 
      "min": -1, 
      "std": 182.70695067586976
    }
  }, 
  "ansible-modules-core": {
    "issue": {
      "max": 742, 
      "mean": 266.57753357753359, 
      "median": 232.0, 
      "min": 0, 
      "std": 206.43608733009478
    }, 
    "pullrequest": {
      "max": 735, 
      "mean": 163.73700305810397, 
      "median": 130.0, 
      "min": 0, 
      "std": 140.07585736777781
    }
  }, 
  "ansible-modules-extras": {
    "issue": {
      "max": 725, 
      "mean": 216.36860068259386, 
      "median": 189.0, 
      "min": 0, 
      "std": 166.72812259457677
    }, 
    "pullrequest": {
      "max": 741, 
      "mean": 153.88795518207283, 
      "median": 118.0, 
      "min": -1, 
      "std": 152.35736331875583
    }
  }
}