{
  "ansible": {
    "issue": {
      "max": 1058, 
      "mean": 235.8467889908257, 
      "median": 208.0, 
      "min": -1, 
      "std": 173.23608384678451
    }, 
    "pullrequest": {
      "max": 807, 
      "mean": 216.6128266033254, 
      "median": 168.0, 
      "min": -1, 
      "std": 179.66116095888239
    }
  }, 
  "ansible-modules-core": {
    "issue": {
      "max": 730, 
      "mean": 270.78355501813786, 
      "median": 233.0, 
      "min": -1, 
      "std": 204.09191404584729
    }, 
    "pullrequest": {
      "max": 723, 
      "mean": 149.86350148367953, 
      "median": 112.0, 
      "min": 0, 
      "std": 138.39293520102692
    }
  }, 
  "ansible-modules-extras": {
    "issue": {
      "max": 713, 
      "mean": 208.96632996632997, 
      "median": 187.0, 
      "min": 0, 
      "std": 163.29890034186027
    }, 
    "pullrequest": {
      "max": 729, 
      "mean": 158.64350453172204, 
      "median": 126.0, 
      "min": 0, 
      "std": 151.39037326203791
    }
  }
}