{
  "ansible": {
    "issue": {
      "max": 1086, 
      "mean": 250.66578249336871, 
      "median": 225.0, 
      "min": 0, 
      "std": 179.34460618639827
    }, 
    "pullrequest": {
      "max": 835, 
      "mean": 213.65065502183407, 
      "median": 162.5, 
      "min": 0, 
      "std": 186.51529846290444
    }
  }, 
  "ansible-modules-core": {
    "issue": {
      "max": 758, 
      "mean": 262.10798122065728, 
      "median": 232.0, 
      "min": -1, 
      "std": 211.61191132852687
    }, 
    "pullrequest": {
      "max": 751, 
      "mean": 168.81899109792286, 
      "median": 137.0, 
      "min": -1, 
      "std": 144.52211189393068
    }
  }, 
  "ansible-modules-extras": {
    "issue": {
      "max": 741, 
      "mean": 214.68589743589743, 
      "median": 189.5, 
      "min": 0, 
      "std": 172.54017757624095
    }, 
    "pullrequest": {
      "max": 756, 
      "mean": 143.22651933701658, 
      "median": 98.5, 
      "min": 0, 
      "std": 147.60973467851937
    }
  }
}