{
  "ansible": {
    "issue": {
      "max": 1063, 
      "mean": 240.40293040293039, 
      "median": 213.5, 
      "min": 0, 
      "std": 174.13182532824186
    }, 
    "pullrequest": {
      "max": 813, 
      "mean": 213.56018518518519, 
      "median": 167.5, 
      "min": -1, 
      "std": 181.3386592558422
    }
  }, 
  "ansible-modules-core": {
    "issue": {
      "max": 736, 
      "mean": 272.28211284513804, 
      "median": 237.0, 
      "min": 0, 
      "std": 206.01535130705025
    }, 
    "pullrequest": {
      "max": 729, 
      "mean": 168.07419354838709, 
      "median": 138.0, 
      "min": -1, 
      "std": 137.27647278098439
    }
  }, 
  "ansible-modules-extras": {
    "issue": {
      "max": 719, 
      "mean": 213.35016835016836, 
      "median": 190.0, 
      "min": 0, 
      "std": 163.85379438485728
    }, 
    "pullrequest": {
      "max": 734, 
      "mean": 155.23563218390805, 
      "median": 125.5, 
      "min": -1, 
      "std": 151.68210744465944
    }
  }
}