{
  "ansible": {
    "issue": {
      "max": 1058, 
      "mean": 236.27874885004599, 
      "median": 208.0, 
      "min": 0, 
      "std": 173.01311705886229
    }, 
    "pullrequest": {
      "max": 807, 
      "mean": 217.43198090692124, 
      "median": 169.0, 
      "min": 0, 
      "std": 179.44152830336375
    }
  }, 
  "ansible-modules-core": {
    "issue": {
      "max": 730, 
      "mean": 271.85540704738759, 
      "median": 236.0, 
      "min": 0, 
      "std": 203.70079013023596
    }, 
    "pullrequest": {
      "max": 723, 
      "mean": 149.54867256637169, 
      "median": 112.0, 
      "min": 0, 
      "std": 138.35397664042844
    }
  }, 
  "ansible-modules-extras": {
    "issue": {
      "max": 713, 
      "mean": 207.99328859060404, 
      "median": 185.5, 
      "min": 0, 
      "std": 163.4495795517019
    }, 
    "pullrequest": {
      "max": 728, 
      "mean": 158.98489425981873, 
      "median": 126.0, 
      "min": 0, 
      "std": 151.15865621543441
    }
  }
}