{
  "ansible": {
    "issue": {
      "max": 1070, 
      "mean": 242.72735507246378, 
      "median": 215.5, 
      "min": 0, 
      "std": 176.22792012450853
    }, 
    "pullrequest": {
      "max": 819, 
      "mean": 214.06378132118451, 
      "median": 171.0, 
      "min": -1, 
      "std": 182.80180969209218
    }
  }, 
  "ansible-modules-core": {
    "issue": {
      "max": 742, 
      "mean": 266.31829268292682, 
      "median": 232.0, 
      "min": 0, 
      "std": 206.53867506964426
    }, 
    "pullrequest": {
      "max": 735, 
      "mean": 163.3170731707317, 
      "median": 128.0, 
      "min": -1, 
      "std": 140.16417882461985
    }
  }, 
  "ansible-modules-extras": {
    "issue": {
      "max": 725, 
      "mean": 216.4470989761092, 
      "median": 189.0, 
      "min": 0, 
      "std": 166.73645623046556
    }, 
    "pullrequest": {
      "max": 741, 
      "mean": 153.99719887955183, 
      "median": 118.0, 
      "min": 0, 
      "std": 152.34833112888359
    }
  }
}