{
  "ansible": {
    "issue": {
      "max": 1056, 
      "mean": 235.22789425706472, 
      "median": 206.0, 
      "min": -1, 
      "std": 174.87527271916233
    }, 
    "pullrequest": {
      "max": 805, 
      "mean": 215.7904761904762, 
      "median": 167.5, 
      "min": -1, 
      "std": 179.27683807787838
    }
  }, 
  "ansible-modules-core": {
    "issue": {
      "max": 728, 
      "mean": 272.04512195121953, 
      "median": 235.0, 
      "min": -1, 
      "std": 203.2527122504894
    }, 
    "pullrequest": {
      "max": 722, 
      "mean": 150.10059171597632, 
      "median": 111.0, 
      "min": -1, 
      "std": 139.07673778793028
    }
  }, 
  "ansible-modules-extras": {
    "issue": {
      "max": 711, 
      "mean": 210.43686006825939, 
      "median": 188.0, 
      "min": 0, 
      "std": 162.3799749114923
    }, 
    "pullrequest": {
      "max": 727, 
      "mean": 157.79518072289156, 
      "median": 125.0, 
      "min": -1, 
      "std": 150.80321167492872
    }
  }
}