{
  "ansible": {
    "issue": {
      "max": 1058, 
      "mean": 236.32018348623853, 
      "median": 208.5, 
      "min": 0, 
      "std": 173.34304233678327
    }, 
    "pullrequest": {
      "max": 808, 
      "mean": 214.73522458628841, 
      "median": 167.0, 
      "min": -1, 
      "std": 179.49177230235469
    }
  }, 
  "ansible-modules-core": {
    "issue": {
      "max": 730, 
      "mean": 269.94825511432009, 
      "median": 233.0, 
      "min": -1, 
      "std": 204.5870978229851
    }, 
    "pullrequest": {
      "max": 724, 
      "mean": 149.97041420118344, 
      "median": 112.0, 
      "min": 0, 
      "std": 138.40201395888636
    }
  }, 
  "ansible-modules-extras": {
    "issue": {
      "max": 713, 
      "mean": 208.82550335570471, 
      "median": 186.5, 
      "min": 0, 
      "std": 163.4490348719917
    }, 
    "pullrequest": {
      "max": 729, 
      "mean": 157.21492537313432, 
      "median": 125.0, 
      "min": -1, 
      "std": 151.48308141946981
    }
  }
}