{
  "ansible": {
    "issue": {
      "max": 1069, 
      "mean": 242.55072463768116, 
      "median": 215.5, 
      "min": 0, 
      "std": 176.21740925788762
    }, 
    "pullrequest": {
      "max": 819, 
      "mean": 214.84439359267733, 
      "median": 171.0, 
      "min": 0, 
      "std": 182.63233764128699
    }
  }, 
  "ansible-modules-core": {
    "issue": {
      "max": 742, 
      "mean": 266.45299145299145, 
      "median": 232.0, 
      "min": 0, 
      "std": 206.43481305070799
    }, 
    "pullrequest": {
      "max": 735, 
      "mean": 164.09815950920245, 
      "median": 130.5, 
      "min": 0, 
      "std": 139.98988634476842
    }
  }, 
  "ansible-modules-extras": {
    "issue": {
      "max": 725, 
      "mean": 216.26621160409556, 
      "median": 189.0, 
      "min": 0, 
      "std": 166.72987324738278
    }, 
    "pullrequest": {
      "max": 740, 
      "mean": 154.18820224719101, 
      "median": 118.0, 
      "min": 0, 
      "std": 152.34661092657436
    }
  }
}