{
  "ansible": {
    "issue": {
      "max": 1084, 
      "mean": 250.54787234042553, 
      "median": 225.0, 
      "min": 0, 
      "std": 179.04337358062887
    }, 
    "pullrequest": {
      "max": 834, 
      "mean": 213.66666666666666, 
      "median": 162.0, 
      "min": 0, 
      "std": 187.24619423342617
    }
  }, 
  "ansible-modules-core": {
    "issue": {
      "max": 756, 
      "mean": 263.86239620403319, 
      "median": 234.0, 
      "min": 0, 
      "std": 210.83614827886421
    }, 
    "pullrequest": {
      "max": 750, 
      "mean": 171.12121212121212, 
      "median": 137.0, 
      "min": 0, 
      "std": 143.92499258099636
    }
  }, 
  "ansible-modules-extras": {
    "issue": {
      "max": 739, 
      "mean": 217.80456026058633, 
      "median": 191.0, 
      "min": 0, 
      "std": 171.28284200752483
    }, 
    "pullrequest": {
      "max": 755, 
      "mean": 151.24935064935065, 
      "median": 110.0, 
      "min": 0, 
      "std": 152.42527709333825
    }
  }
}