{
  "ansible": {
    "issue": {
      "max": 1090, 
      "mean": 253.30891438658429, 
      "median": 228.0, 
      "min": 0, 
      "std": 179.80764921127519
    }, 
    "pullrequest": {
      "max": 839, 
      "mean": 215.84313725490196, 
      "median": 164.0, 
      "min": 0, 
      "std": 186.57127993470945
    }
  }, 
  "ansible-modules-core": {
    "issue": {
      "max": 762, 
      "mean": 261.74797687861269, 
      "median": 233.0, 
      "min": 0, 
      "std": 212.60939532733758
    }, 
    "pullrequest": {
      "max": 755, 
      "mean": 171.42182890855457, 
      "median": 140.0, 
      "min": 1, 
      "std": 145.13194767990629
    }
  }, 
  "ansible-modules-extras": {
    "issue": {
      "max": 745, 
      "mean": 215.69453376205789, 
      "median": 193.0, 
      "min": 2, 
      "std": 172.77716426374337
    }, 
    "pullrequest": {
      "max": 761, 
      "mean": 144.53424657534248, 
      "median": 102.0, 
      "min": 0, 
      "std": 148.35674167281653
    }
  }
}