{
  "ansible": {
    "issue": {
      "max": 1090, 
      "mean": 253.19841269841271, 
      "median": 228.0, 
      "min": -1, 
      "std": 179.87933040563792
    }, 
    "pullrequest": {
      "max": 839, 
      "mean": 215.95206971677561, 
      "median": 164.0, 
      "min": 1, 
      "std": 186.60025047171945
    }
  }, 
  "ansible-modules-core": {
    "issue": {
      "max": 762, 
      "mean": 261.8635838150289, 
      "median": 234.0, 
      "min": 0, 
      "std": 212.62096836462848
    }, 
    "pullrequest": {
      "max": 755, 
      "mean": 170.53958944281524, 
      "median": 140.0, 
      "min": -1, 
      "std": 145.30070665174733
    }
  }, 
  "ansible-modules-extras": {
    "issue": {
      "max": 745, 
      "mean": 214.44728434504793, 
      "median": 193.0, 
      "min": -1, 
      "std": 173.11667915383376
    }, 
    "pullrequest": {
      "max": 761, 
      "mean": 144.69863013698631, 
      "median": 102.0, 
      "min": 0, 
      "std": 148.35430424212359
    }
  }
}