{
  "ansible": {
    "issue": {
      "max": 1059, 
      "mean": 237.38051470588235, 
      "median": 209.0, 
      "min": 0, 
      "std": 173.28716514969432
    }, 
    "pullrequest": {
      "max": 808, 
      "mean": 212.97647058823529, 
      "median": 167.0, 
      "min": -1, 
      "std": 180.40481123560707
    }
  }, 
  "ansible-modules-core": {
    "issue": {
      "max": 731, 
      "mean": 270.12409638554215, 
      "median": 232.5, 
      "min": 0, 
      "std": 204.56935730818702
    }, 
    "pullrequest": {
      "max": 724, 
      "mean": 149.30205278592376, 
      "median": 112.0, 
      "min": -1, 
      "std": 138.54905743249992
    }
  }, 
  "ansible-modules-extras": {
    "issue": {
      "max": 714, 
      "mean": 209.55704697986576, 
      "median": 187.0, 
      "min": 1, 
      "std": 163.46848238183185
    }, 
    "pullrequest": {
      "max": 730, 
      "mean": 157.48214285714286, 
      "median": 126.0, 
      "min": 0, 
      "std": 151.45404273929049
    }
  }
}