{
  "ansible": {
    "issue": {
      "max": 1083, 
      "mean": 251.83184257602863, 
      "median": 226.0, 
      "min": 0, 
      "std": 178.1716032439185
    }, 
    "pullrequest": {
      "max": 832, 
      "mean": 207.66242038216561, 
      "median": 153.0, 
      "min": 0, 
      "std": 187.00979983200764
    }
  }, 
  "ansible-modules-core": {
    "issue": {
      "max": 755, 
      "mean": 264.35900473933651, 
      "median": 234.0, 
      "min": 1, 
      "std": 210.75389451676986
    }, 
    "pullrequest": {
      "max": 748, 
      "mean": 169.77575757575758, 
      "median": 135.0, 
      "min": 0, 
      "std": 143.7760190530017
    }
  }, 
  "ansible-modules-extras": {
    "issue": {
      "max": 738, 
      "mean": 215.0225806451613, 
      "median": 190.0, 
      "min": 0, 
      "std": 170.88929487541839
    }, 
    "pullrequest": {
      "max": 754, 
      "mean": 148.62878787878788, 
      "median": 105.0, 
      "min": 0, 
      "std": 153.18473062453242
    }
  }
}