{
  "ansible": {
    "issue": {
      "max": 1062, 
      "mean": 239.80330882352942, 
      "median": 212.0, 
      "min": 0, 
      "std": 173.68991742620605
    }, 
    "pullrequest": {
      "max": 811, 
      "mean": 214.45667447306792, 
      "median": 168.0, 
      "min": -1, 
      "std": 180.92660245671087
    }
  }, 
  "ansible-modules-core": {
    "issue": {
      "max": 734, 
      "mean": 271.09592326139091, 
      "median": 235.0, 
      "min": 0, 
      "std": 205.29747477464946
    }, 
    "pullrequest": {
      "max": 727, 
      "mean": 168.71568627450981, 
      "median": 139.5, 
      "min": 0, 
      "std": 136.73582975782793
    }
  }, 
  "ansible-modules-extras": {
    "issue": {
      "max": 717, 
      "mean": 212.67567567567568, 
      "median": 189.5, 
      "min": 3, 
      "std": 163.49091702253
    }, 
    "pullrequest": {
      "max": 733, 
      "mean": 156.48538011695908, 
      "median": 126.5, 
      "min": -1, 
      "std": 151.51331583058408
    }
  }
}