{
  "ansible": {
    "issue": {
      "max": 1091, 
      "mean": 248.99287622439894, 
      "median": 226.0, 
      "min": 0, 
      "std": 175.68766288892098
    }, 
    "pullrequest": {
      "max": 840, 
      "mean": 214.97624190064795, 
      "median": 162.0, 
      "min": 0, 
      "std": 186.8820832569676
    }
  }, 
  "ansible-modules-core": {
    "issue": {
      "max": 763, 
      "mean": 261.17241379310343, 
      "median": 230.0, 
      "min": 0, 
      "std": 213.02835637142661
    }, 
    "pullrequest": {
      "max": 756, 
      "mean": 168.89884393063585, 
      "median": 137.5, 
      "min": 0, 
      "std": 145.75325038798792
    }
  }, 
  "ansible-modules-extras": {
    "issue": {
      "max": 746, 
      "mean": 216.00961538461539, 
      "median": 194.0, 
      "min": 0, 
      "std": 172.95666949536522
    }, 
    "pullrequest": {
      "max": 762, 
      "mean": 145.56438356164384, 
      "median": 103.0, 
      "min": 0, 
      "std": 148.37660097795302
    }
  }
}