{
  "ansible": {
    "issue": {
      "max": 1057, 
      "mean": 235.63901549680949, 
      "median": 207.0, 
      "min": 0, 
      "std": 174.95722891866882
    }, 
    "pullrequest": {
      "max": 806, 
      "mean": 213.77411764705883, 
      "median": 166.0, 
      "min": 0, 
      "std": 179.77200145343656
    }
  }, 
  "ansible-modules-core": {
    "issue": {
      "max": 729, 
      "mean": 272.84004884004884, 
      "median": 236.0, 
      "min": -1, 
      "std": 203.14636226400046
    }, 
    "pullrequest": {
      "max": 722, 
      "mean": 148.71091445427729, 
      "median": 111.0, 
      "min": -1, 
      "std": 138.34894182422769
    }
  }, 
  "ansible-modules-extras": {
    "issue": {
      "max": 712, 
      "mean": 208.04377104377105, 
      "median": 186.0, 
      "min": -1, 
      "std": 163.1382098871174
    }, 
    "pullrequest": {
      "max": 728, 
      "mean": 157.84337349397592, 
      "median": 125.0, 
      "min": -1, 
      "std": 151.06453435676676
    }
  }
}