{
  "ansible": {
    "issue": {
      "max": 1069, 
      "mean": 242.34963768115941, 
      "median": 215.5, 
      "min": 0, 
      "std": 176.20298488937894
    }, 
    "pullrequest": {
      "max": 818, 
      "mean": 214.75, 
      "median": 171.0, 
      "min": 0, 
      "std": 182.6215193184577
    }
  }, 
  "ansible-modules-core": {
    "issue": {
      "max": 741, 
      "mean": 266.57823960880194, 
      "median": 232.0, 
      "min": -1, 
      "std": 206.36486870949673
    }, 
    "pullrequest": {
      "max": 735, 
      "mean": 164.36000000000001, 
      "median": 132.0, 
      "min": -1, 
      "std": 139.89755460555907
    }
  }, 
  "ansible-modules-extras": {
    "issue": {
      "max": 724, 
      "mean": 216.83561643835617, 
      "median": 191.5, 
      "min": -1, 
      "std": 166.5488544639384
    }, 
    "pullrequest": {
      "max": 740, 
      "mean": 154.0, 
      "median": 117.5, 
      "min": 0, 
      "std": 152.32586300207146
    }
  }
}