{
  "ansible": {
    "issue": {
      "max": 1091, 
      "mean": 249.13535173642029, 
      "median": 227.0, 
      "min": 0, 
      "std": 175.67241488695308
    }, 
    "pullrequest": {
      "max": 840, 
      "mean": 213.25053533190578, 
      "median": 161.0, 
      "min": -1, 
      "std": 187.14806335489138
    }
  }, 
  "ansible-modules-core": {
    "issue": {
      "max": 763, 
      "mean": 261.31379310344829, 
      "median": 230.0, 
      "min": 0, 
      "std": 213.03180738841695
    }, 
    "pullrequest": {
      "max": 756, 
      "mean": 169.04913294797689, 
      "median": 138.0, 
      "min": 0, 
      "std": 145.76200180351685
    }
  }, 
  "ansible-modules-extras": {
    "issue": {
      "max": 746, 
      "mean": 214.82484076433121, 
      "median": 192.0, 
      "min": -1, 
      "std": 173.2879067292499
    }, 
    "pullrequest": {
      "max": 762, 
      "mean": 145.33333333333334, 
      "median": 103.0, 
      "min": -1, 
      "std": 148.35800126438113
    }
  }
}