{
  "ansible": {
    "issue": {
      "max": 1061, 
      "mean": 238.44821264894591, 
      "median": 211.0, 
      "min": 0, 
      "std": 173.69151997148359
    }, 
    "pullrequest": {
      "max": 810, 
      "mean": 214.22769953051642, 
      "median": 168.0, 
      "min": 0, 
      "std": 180.63786895947257
    }
  }, 
  "ansible-modules-core": {
    "issue": {
      "max": 733, 
      "mean": 270.23353293413174, 
      "median": 234.0, 
      "min": 0, 
      "std": 205.1705277625631
    }, 
    "pullrequest": {
      "max": 726, 
      "mean": 166.25242718446603, 
      "median": 135.0, 
      "min": -1, 
      "std": 136.97582418064286
    }
  }, 
  "ansible-modules-extras": {
    "issue": {
      "max": 716, 
      "mean": 211.3993288590604, 
      "median": 188.5, 
      "min": 2, 
      "std": 163.4551380263116
    }, 
    "pullrequest": {
      "max": 732, 
      "mean": 157.51764705882354, 
      "median": 127.0, 
      "min": -1, 
      "std": 151.55392065219527
    }
  }
}