{
  "ansible": {
    "issue": {
      "max": 1090, 
      "mean": 249.97695035460993, 
      "median": 226.5, 
      "min": 0, 
      "std": 176.86753618241727
    }, 
    "pullrequest": {
      "max": 839, 
      "mean": 215.22125813449023, 
      "median": 163.0, 
      "min": -1, 
      "std": 186.76948470178601
    }
  }, 
  "ansible-modules-core": {
    "issue": {
      "max": 762, 
      "mean": 260.65517241379308, 
      "median": 229.0, 
      "min": -1, 
      "std": 212.91853320833997
    }, 
    "pullrequest": {
      "max": 755, 
      "mean": 170.28362573099415, 
      "median": 139.5, 
      "min": -1, 
      "std": 145.37243446624794
    }
  }, 
  "ansible-modules-extras": {
    "issue": {
      "max": 745, 
      "mean": 215.48397435897436, 
      "median": 193.0, 
      "min": 0, 
      "std": 172.92354098048685
    }, 
    "pullrequest": {
      "max": 761, 
      "mean": 145.34615384615384, 
      "median": 102.0, 
      "min": -1, 
      "std": 148.34516092856344
    }
  }
}