{
  "ansible": {
    "issue": {
      "max": 1091, 
      "mean": 248.96527159394478, 
      "median": 226.0, 
      "min": 0, 
      "std": 175.67619682650999
    }, 
    "pullrequest": {
      "max": 840, 
      "mean": 214.93736501079914, 
      "median": 162.0, 
      "min": 0, 
      "std": 186.8781563503841
    }
  }, 
  "ansible-modules-core": {
    "issue": {
      "max": 763, 
      "mean": 261.13908045977013, 
      "median": 230.0, 
      "min": 0, 
      "std": 213.01880595644241
    }, 
    "pullrequest": {
      "max": 756, 
      "mean": 168.87283236994219, 
      "median": 137.5, 
      "min": 0, 
      "std": 145.75968428374807
    }
  }, 
  "ansible-modules-extras": {
    "issue": {
      "max": 746, 
      "mean": 215.98397435897436, 
      "median": 194.0, 
      "min": 0, 
      "std": 172.9507018083458
    }, 
    "pullrequest": {
      "max": 762, 
      "mean": 145.50958904109589, 
      "median": 103.0, 
      "min": 0, 
      "std": 148.37868266598852
    }
  }
}