{
  "ansible": {
    "issue": {
      "max": 1085, 
      "mean": 251.06299911268854, 
      "median": 225.0, 
      "min": 0, 
      "std": 178.99842247985796
    }, 
    "pullrequest": {
      "max": 834, 
      "mean": 212.77510917030568, 
      "median": 161.5, 
      "min": 0, 
      "std": 186.49129740893423
    }
  }, 
  "ansible-modules-core": {
    "issue": {
      "max": 757, 
      "mean": 264.47387173396675, 
      "median": 235.0, 
      "min": 0, 
      "std": 210.78986148973675
    }, 
    "pullrequest": {
      "max": 750, 
      "mean": 170.46385542168676, 
      "median": 137.0, 
      "min": 0, 
      "std": 144.09598296978055
    }
  }, 
  "ansible-modules-extras": {
    "issue": {
      "max": 740, 
      "mean": 218.07166123778501, 
      "median": 191.0, 
      "min": 0, 
      "std": 171.30204977992472
    }, 
    "pullrequest": {
      "max": 756, 
      "mean": 151.6051948051948, 
      "median": 110.0, 
      "min": 0, 
      "std": 152.45565665379974
    }
  }
}