{
  "ansible": {
    "issue": {
      "max": 1071, 
      "mean": 243.28119349005425, 
      "median": 216.0, 
      "min": 0, 
      "std": 176.3740619213832
    }, 
    "pullrequest": {
      "max": 820, 
      "mean": 213.52262443438914, 
      "median": 172.0, 
      "min": -1, 
      "std": 183.12520921029949
    }
  }, 
  "ansible-modules-core": {
    "issue": {
      "max": 743, 
      "mean": 265.69696969696969, 
      "median": 232.0, 
      "min": 0, 
      "std": 206.95339906548202
    }, 
    "pullrequest": {
      "max": 736, 
      "mean": 163.30606060606061, 
      "median": 126.0, 
      "min": 0, 
      "std": 140.3196144724368
    }
  }, 
  "ansible-modules-extras": {
    "issue": {
      "max": 726, 
      "mean": 216.69727891156464, 
      "median": 190.0, 
      "min": -1, 
      "std": 166.93568823412542
    }, 
    "pullrequest": {
      "max": 742, 
      "mean": 153.27855153203342, 
      "median": 117.0, 
      "min": -1, 
      "std": 152.41630558600644
    }
  }
}