{
  "ansible": {
    "issue": {
      "max": 1091, 
      "mean": 248.36071428571429, 
      "median": 224.0, 
      "min": -1, 
      "std": 175.28220682106107
    }, 
    "pullrequest": {
      "max": 840, 
      "mean": 212.93562231759657, 
      "median": 159.0, 
      "min": -1, 
      "std": 187.18354163480157
    }
  }, 
  "ansible-modules-core": {
    "issue": {
      "max": 763, 
      "mean": 261.76754890678939, 
      "median": 230.0, 
      "min": 0, 
      "std": 212.98253288747858
    }, 
    "pullrequest": {
      "max": 756, 
      "mean": 169.64347826086956, 
      "median": 139.0, 
      "min": 0, 
      "std": 145.70612818546877
    }
  }, 
  "ansible-modules-extras": {
    "issue": {
      "max": 746, 
      "mean": 215.66773162939296, 
      "median": 194.0, 
      "min": 0, 
      "std": 173.1266821266542
    }, 
    "pullrequest": {
      "max": 762, 
      "mean": 145.0899182561308, 
      "median": 103.0, 
      "min": -1, 
      "std": 148.355215088188
    }
  }
}