{
  "ansible": {
    "issue": {
      "max": 1062, 
      "mean": 239.54212454212455, 
      "median": 213.0, 
      "min": 0, 
      "std": 174.04596321021651
    }, 
    "pullrequest": {
      "max": 812, 
      "mean": 213.66744186046512, 
      "median": 167.5, 
      "min": 0, 
      "std": 181.1696971696031
    }
  }, 
  "ansible-modules-core": {
    "issue": {
      "max": 735, 
      "mean": 272.41155234657037, 
      "median": 236.0, 
      "min": 0, 
      "std": 205.38315942893809
    }, 
    "pullrequest": {
      "max": 728, 
      "mean": 167.73462783171522, 
      "median": 137.0, 
      "min": 0, 
      "std": 137.12947416368377
    }
  }, 
  "ansible-modules-extras": {
    "issue": {
      "max": 718, 
      "mean": 213.89152542372881, 
      "median": 192.0, 
      "min": 4, 
      "std": 163.4528131650581
    }, 
    "pullrequest": {
      "max": 733, 
      "mean": 157.04970760233917, 
      "median": 126.5, 
      "min": 0, 
      "std": 151.59537706628038
    }
  }
}