{
  "ansible": {
    "issue": {
      "max": 1063, 
      "mean": 240.27380952380952, 
      "median": 213.0, 
      "min": 0, 
      "std": 174.12204976727634
    }, 
    "pullrequest": {
      "max": 813, 
      "mean": 213.9002320185615, 
      "median": 168.0, 
      "min": -1, 
      "std": 181.29003252583311
    }
  }, 
  "ansible-modules-core": {
    "issue": {
      "max": 735, 
      "mean": 271.82613908872901, 
      "median": 236.0, 
      "min": -1, 
      "std": 206.1211367370984
    }, 
    "pullrequest": {
      "max": 729, 
      "mean": 167.91612903225806, 
      "median": 138.0, 
      "min": -1, 
      "std": 137.27356510027047
    }
  }, 
  "ansible-modules-extras": {
    "issue": {
      "max": 718, 
      "mean": 213.25589225589226, 
      "median": 190.0, 
      "min": 0, 
      "std": 163.84591340861144
    }, 
    "pullrequest": {
      "max": 734, 
      "mean": 155.11781609195401, 
      "median": 125.5, 
      "min": -1, 
      "std": 151.65891261162625
    }
  }
}