{
  "ansible": {
    "issue": {
      "max": 1059, 
      "mean": 236.37946837763519, 
      "median": 209.0, 
      "min": 0, 
      "std": 173.41886714866723
    }, 
    "pullrequest": {
      "max": 808, 
      "mean": 211.78454332552693, 
      "median": 165.0, 
      "min": 0, 
      "std": 180.41031933015967
    }
  }, 
  "ansible-modules-core": {
    "issue": {
      "max": 731, 
      "mean": 269.90625, 
      "median": 232.5, 
      "min": 0, 
      "std": 204.67935960765325
    }, 
    "pullrequest": {
      "max": 724, 
      "mean": 149.85545722713863, 
      "median": 112.0, 
      "min": -1, 
      "std": 138.45862312195055
    }
  }, 
  "ansible-modules-extras": {
    "issue": {
      "max": 714, 
      "mean": 209.08053691275168, 
      "median": 186.5, 
      "min": 0, 
      "std": 163.45898308563397
    }, 
    "pullrequest": {
      "max": 730, 
      "mean": 157.11309523809524, 
      "median": 125.0, 
      "min": -1, 
      "std": 151.50296341574588
    }
  }
}