{
  "ansible": {
    "issue": {
      "max": 1064, 
      "mean": 240.37236962488564, 
      "median": 214.0, 
      "min": 0, 
      "std": 174.21232338441513
    }, 
    "pullrequest": {
      "max": 813, 
      "mean": 214.03016241299304, 
      "median": 168.0, 
      "min": 0, 
      "std": 181.48439629122223
    }
  }, 
  "ansible-modules-core": {
    "issue": {
      "max": 736, 
      "mean": 272.48619447779112, 
      "median": 237.0, 
      "min": 0, 
      "std": 206.02227787566136
    }, 
    "pullrequest": {
      "max": 729, 
      "mean": 168.30967741935484, 
      "median": 138.0, 
      "min": 0, 
      "std": 137.25747257368283
    }
  }, 
  "ansible-modules-extras": {
    "issue": {
      "max": 719, 
      "mean": 213.54208754208753, 
      "median": 190.0, 
      "min": 0, 
      "std": 163.85137105823182
    }, 
    "pullrequest": {
      "max": 735, 
      "mean": 155.5028735632184, 
      "median": 126.0, 
      "min": 0, 
      "std": 151.66924650887609
    }
  }
}