{
  "ansible": {
    "issue": {
      "max": 1063, 
      "mean": 239.68406593406593, 
      "median": 213.0, 
      "min": 0, 
      "std": 174.06459582292808
    }, 
    "pullrequest": {
      "max": 812, 
      "mean": 213.32946635730858, 
      "median": 167.0, 
      "min": 0, 
      "std": 181.25538773192315
    }
  }, 
  "ansible-modules-core": {
    "issue": {
      "max": 735, 
      "mean": 271.25508982035927, 
      "median": 236.0, 
      "min": -1, 
      "std": 205.76381631092539
    }, 
    "pullrequest": {
      "max": 728, 
      "mean": 167.36129032258066, 
      "median": 137.0, 
      "min": -1, 
      "std": 137.25438515215592
    }
  }, 
  "ansible-modules-extras": {
    "issue": {
      "max": 718, 
      "mean": 214.0271186440678, 
      "median": 192.0, 
      "min": 4, 
      "std": 163.47484939042829
    }, 
    "pullrequest": {
      "max": 734, 
      "mean": 156.33720930232559, 
      "median": 126.0, 
      "min": -1, 
      "std": 151.61306015913226
    }
  }
}