{
  "ansible": {
    "issue": {
      "max": 1059, 
      "mean": 236.42529789184235, 
      "median": 209.0, 
      "min": 0, 
      "std": 173.42274068312909
    }, 
    "pullrequest": {
      "max": 808, 
      "mean": 211.81967213114754, 
      "median": 165.0, 
      "min": 0, 
      "std": 180.42069699290428
    }
  }, 
  "ansible-modules-core": {
    "issue": {
      "max": 731, 
      "mean": 270.27557160048133, 
      "median": 233.0, 
      "min": 0, 
      "std": 204.58737756540512
    }, 
    "pullrequest": {
      "max": 724, 
      "mean": 149.89380530973452, 
      "median": 112.0, 
      "min": 0, 
      "std": 138.44961360490873
    }
  }, 
  "ansible-modules-extras": {
    "issue": {
      "max": 714, 
      "mean": 209.14093959731542, 
      "median": 186.5, 
      "min": 0, 
      "std": 163.47337365583169
    }, 
    "pullrequest": {
      "max": 730, 
      "mean": 157.1577380952381, 
      "median": 125.0, 
      "min": 0, 
      "std": 151.50631214141976
    }
  }
}