{
  "ansible": {
    "issue": {
      "max": 1086, 
      "mean": 251.01323918799648, 
      "median": 225.0, 
      "min": 0, 
      "std": 179.49504243071462
    }, 
    "pullrequest": {
      "max": 836, 
      "mean": 212.7995642701525, 
      "median": 161.0, 
      "min": 0, 
      "std": 186.31640551162724
    }
  }, 
  "ansible-modules-core": {
    "issue": {
      "max": 758, 
      "mean": 260.46279069767439, 
      "median": 230.5, 
      "min": 0, 
      "std": 212.15895151628902
    }, 
    "pullrequest": {
      "max": 752, 
      "mean": 167.51906158357772, 
      "median": 136.0, 
      "min": 0, 
      "std": 144.88028353601862
    }
  }, 
  "ansible-modules-extras": {
    "issue": {
      "max": 741, 
      "mean": 214.14649681528661, 
      "median": 190.0, 
      "min": 0, 
      "std": 172.83922853579483
    }, 
    "pullrequest": {
      "max": 757, 
      "mean": 143.00824175824175, 
      "median": 99.0, 
      "min": -1, 
      "std": 147.72129028140492
    }
  }
}