{
  "ansible": {
    "issue": {
      "max": 1090, 
      "mean": 253.27272727272728, 
      "median": 228.0, 
      "min": 0, 
      "std": 179.80093613449048
    }, 
    "pullrequest": {
      "max": 839, 
      "mean": 215.78649237472766, 
      "median": 164.0, 
      "min": 0, 
      "std": 186.58664879400098
    }
  }, 
  "ansible-modules-core": {
    "issue": {
      "max": 762, 
      "mean": 261.70289017341042, 
      "median": 233.0, 
      "min": 0, 
      "std": 212.60721917382318
    }, 
    "pullrequest": {
      "max": 755, 
      "mean": 171.38643067846607, 
      "median": 140.0, 
      "min": 1, 
      "std": 145.13615190136079
    }
  }, 
  "ansible-modules-extras": {
    "issue": {
      "max": 745, 
      "mean": 215.66559485530547, 
      "median": 193.0, 
      "min": 2, 
      "std": 172.77161124530522
    }, 
    "pullrequest": {
      "max": 760, 
      "mean": 144.48219178082192, 
      "median": 102.0, 
      "min": 0, 
      "std": 148.34187775731422
    }
  }
}