{
  "ansible": {
    "issue": {
      "max": 1082, 
      "mean": 251.3163082437276, 
      "median": 225.0, 
      "min": 0, 
      "std": 177.87608283620455
    }, 
    "pullrequest": {
      "max": 831, 
      "mean": 206.16101694915255, 
      "median": 152.0, 
      "min": 0, 
      "std": 187.01711696966078
    }
  }, 
  "ansible-modules-core": {
    "issue": {
      "max": 754, 
      "mean": 263.80519480519479, 
      "median": 233.0, 
      "min": 0, 
      "std": 210.64304440734199
    }, 
    "pullrequest": {
      "max": 747, 
      "mean": 171.0, 
      "median": 135.5, 
      "min": 0, 
      "std": 143.1855803824109
    }
  }, 
  "ansible-modules-extras": {
    "issue": {
      "max": 737, 
      "mean": 214.0064308681672, 
      "median": 188.0, 
      "min": 1, 
      "std": 170.299339136746
    }, 
    "pullrequest": {
      "max": 753, 
      "mean": 149.94615384615383, 
      "median": 107.0, 
      "min": 1, 
      "std": 153.12578932695163
    }
  }
}