{
  "ansible": {
    "issue": {
      "max": 1060, 
      "mean": 237.50917431192661, 
      "median": 210.0, 
      "min": 0, 
      "std": 173.51769179358422
    }, 
    "pullrequest": {
      "max": 809, 
      "mean": 212.54566744730678, 
      "median": 166.0, 
      "min": 0, 
      "std": 180.70558986806753
    }
  }, 
  "ansible-modules-core": {
    "issue": {
      "max": 732, 
      "mean": 269.65906362545019, 
      "median": 233.0, 
      "min": 0, 
      "std": 204.98345078303643
    }, 
    "pullrequest": {
      "max": 725, 
      "mean": 164.04180064308682, 
      "median": 134.0, 
      "min": 0, 
      "std": 137.11769367335893
    }
  }, 
  "ansible-modules-extras": {
    "issue": {
      "max": 715, 
      "mean": 210.14765100671141, 
      "median": 187.5, 
      "min": 1, 
      "std": 163.47386039179162
    }, 
    "pullrequest": {
      "max": 731, 
      "mean": 158.16071428571428, 
      "median": 126.0, 
      "min": 1, 
      "std": 151.5032739846279
    }
  }
}