{
  "ansible": {
    "issue": {
      "max": 1056, 
      "mean": 235.78721461187214, 
      "median": 207.0, 
      "min": 0, 
      "std": 174.82316550521685
    }, 
    "pullrequest": {
      "max": 806, 
      "mean": 212.46838407494144, 
      "median": 164.0, 
      "min": -1, 
      "std": 179.90356721566249
    }
  }, 
  "ansible-modules-core": {
    "issue": {
      "max": 729, 
      "mean": 272.56288156288156, 
      "median": 236.0, 
      "min": 0, 
      "std": 203.14069272256617
    }, 
    "pullrequest": {
      "max": 722, 
      "mean": 150.29585798816569, 
      "median": 111.5, 
      "min": -1, 
      "std": 139.11580904425998
    }
  }, 
  "ansible-modules-extras": {
    "issue": {
      "max": 712, 
      "mean": 210.57679180887371, 
      "median": 188.0, 
      "min": 0, 
      "std": 162.38104096474081
    }, 
    "pullrequest": {
      "max": 727, 
      "mean": 157.96676737160121, 
      "median": 125.0, 
      "min": 0, 
      "std": 151.05686724980941
    }
  }
}