{
  "ansible": {
    "issue": {
      "max": 1078, 
      "mean": 247.58445040214477, 
      "median": 222.0, 
      "min": 0, 
      "std": 178.00428690562529
    }, 
    "pullrequest": {
      "max": 828, 
      "mean": 206.53731343283582, 
      "median": 153.0, 
      "min": 0, 
      "std": 186.00708768057527
    }
  }, 
  "ansible-modules-core": {
    "issue": {
      "max": 751, 
      "mean": 262.50469483568077, 
      "median": 231.0, 
      "min": -1, 
      "std": 209.84643664657185
    }, 
    "pullrequest": {
      "max": 744, 
      "mean": 169.26461538461538, 
      "median": 133.0, 
      "min": 0, 
      "std": 142.21092939797802
    }
  }, 
  "ansible-modules-extras": {
    "issue": {
      "max": 734, 
      "mean": 212.4336569579288, 
      "median": 185.0, 
      "min": 0, 
      "std": 169.77317715924138
    }, 
    "pullrequest": {
      "max": 749, 
      "mean": 148.26992287917739, 
      "median": 105.0, 
      "min": 0, 
      "std": 152.88993855484773
    }
  }
}