{
  "ansible": {
    "issue": {
      "max": 1086, 
      "mean": 250.87886825817861, 
      "median": 225.0, 
      "min": 0, 
      "std": 179.34542639064591
    }, 
    "pullrequest": {
      "max": 835, 
      "mean": 212.26797385620915, 
      "median": 160.0, 
      "min": 0, 
      "std": 186.30629335539106
    }
  }, 
  "ansible-modules-core": {
    "issue": {
      "max": 758, 
      "mean": 261.70960187353631, 
      "median": 231.5, 
      "min": 0, 
      "std": 211.76006588824467
    }, 
    "pullrequest": {
      "max": 751, 
      "mean": 168.50887573964496, 
      "median": 136.5, 
      "min": 0, 
      "std": 144.6513097089383
    }
  }, 
  "ansible-modules-extras": {
    "issue": {
      "max": 741, 
      "mean": 214.94230769230768, 
      "median": 190.5, 
      "min": 0, 
      "std": 172.57412901397177
    }, 
    "pullrequest": {
      "max": 757, 
      "mean": 143.69252077562328, 
      "median": 99.0, 
      "min": 0, 
      "std": 147.77482373976571
    }
  }
}