{
  "ansible": {
    "issue": {
      "max": 1062, 
      "mean": 239.5983455882353, 
      "median": 212.0, 
      "min": 0, 
      "std": 173.68975224240384
    }, 
    "pullrequest": {
      "max": 811, 
      "mean": 215.29176470588234, 
      "median": 169.0, 
      "min": 0, 
      "std": 180.73121948596986
    }
  }, 
  "ansible-modules-core": {
    "issue": {
      "max": 734, 
      "mean": 270.88848920863308, 
      "median": 235.0, 
      "min": -1, 
      "std": 205.29673391515678
    }, 
    "pullrequest": {
      "max": 727, 
      "mean": 168.52941176470588, 
      "median": 139.5, 
      "min": 0, 
      "std": 136.73628350387241
    }
  }, 
  "ansible-modules-extras": {
    "issue": {
      "max": 717, 
      "mean": 212.40878378378378, 
      "median": 189.5, 
      "min": 3, 
      "std": 163.46283916447189
    }, 
    "pullrequest": {
      "max": 733, 
      "mean": 157.18529411764706, 
      "median": 126.5, 
      "min": 0, 
      "std": 151.49472254903012
    }
  }
}