{
  "ansible": {
    "issue": {
      "max": 1083, 
      "mean": 252.14874551971326, 
      "median": 226.0, 
      "min": 0, 
      "std": 178.01951412365034
    }, 
    "pullrequest": {
      "max": 832, 
      "mean": 207.55201698513801, 
      "median": 153.0, 
      "min": -1, 
      "std": 187.00862563745756
    }
  }, 
  "ansible-modules-core": {
    "issue": {
      "max": 755, 
      "mean": 264.24289099526067, 
      "median": 234.0, 
      "min": 1, 
      "std": 210.76432000436606
    }, 
    "pullrequest": {
      "max": 748, 
      "mean": 169.65454545454546, 
      "median": 135.0, 
      "min": 0, 
      "std": 143.77048858660024
    }
  }, 
  "ansible-modules-extras": {
    "issue": {
      "max": 738, 
      "mean": 214.86129032258066, 
      "median": 189.0, 
      "min": 0, 
      "std": 170.87236356588835
    }, 
    "pullrequest": {
      "max": 754, 
      "mean": 148.86329113924052, 
      "median": 108.0, 
      "min": 0, 
      "std": 153.20517076346371
    }
  }
}