{
  "ansible": {
    "issue": {
      "max": 1060, 
      "mean": 238.04691812327508, 
      "median": 210.0, 
      "min": 0, 
      "std": 173.29791687115568
    }, 
    "pullrequest": {
      "max": 809, 
      "mean": 212.90845070422534, 
      "median": 166.5, 
      "min": -1, 
      "std": 180.6236290594201
    }
  }, 
  "ansible-modules-core": {
    "issue": {
      "max": 732, 
      "mean": 269.84134615384613, 
      "median": 233.0, 
      "min": 0, 
      "std": 204.8797462070865
    }, 
    "pullrequest": {
      "max": 725, 
      "mean": 163.89389067524115, 
      "median": 134.0, 
      "min": 0, 
      "std": 137.14068513372044
    }
  }, 
  "ansible-modules-extras": {
    "issue": {
      "max": 715, 
      "mean": 209.98993288590603, 
      "median": 187.5, 
      "min": 1, 
      "std": 163.45385993662987
    }, 
    "pullrequest": {
      "max": 730, 
      "mean": 157.96428571428572, 
      "median": 126.0, 
      "min": 0, 
      "std": 151.49803129544145
    }
  }
}