{
  "ansible": {
    "issue": {
      "max": 1063, 
      "mean": 239.60897435897436, 
      "median": 213.0, 
      "min": -1, 
      "std": 174.06753676478078
    }, 
    "pullrequest": {
      "max": 812, 
      "mean": 213.74651162790698, 
      "median": 167.5, 
      "min": 0, 
      "std": 181.16148115775914
    }
  }, 
  "ansible-modules-core": {
    "issue": {
      "max": 735, 
      "mean": 272.47894103489773, 
      "median": 236.0, 
      "min": 0, 
      "std": 205.38510504320377
    }, 
    "pullrequest": {
      "max": 728, 
      "mean": 167.80582524271844, 
      "median": 137.0, 
      "min": 0, 
      "std": 137.13516292712953
    }
  }, 
  "ansible-modules-extras": {
    "issue": {
      "max": 718, 
      "mean": 213.92542372881357, 
      "median": 192.0, 
      "min": 4, 
      "std": 163.45030198210341
    }, 
    "pullrequest": {
      "max": 734, 
      "mean": 157.14912280701753, 
      "median": 126.5, 
      "min": 0, 
      "std": 151.57978420212473
    }
  }
}