{
  "ansible": {
    "issue": {
      "max": 1090, 
      "mean": 250.10638297872342, 
      "median": 226.5, 
      "min": 0, 
      "std": 176.85188646574179
    }, 
    "pullrequest": {
      "max": 839, 
      "mean": 214.3952483801296, 
      "median": 161.0, 
      "min": -1, 
      "std": 186.90792289383845
    }
  }, 
  "ansible-modules-core": {
    "issue": {
      "max": 762, 
      "mean": 260.48105625717568, 
      "median": 229.0, 
      "min": -1, 
      "std": 213.00919660570707
    }, 
    "pullrequest": {
      "max": 756, 
      "mean": 170.39473684210526, 
      "median": 140.0, 
      "min": 0, 
      "std": 145.38834576199801
    }
  }, 
  "ansible-modules-extras": {
    "issue": {
      "max": 745, 
      "mean": 215.60256410256412, 
      "median": 193.5, 
      "min": 0, 
      "std": 172.97088014472484
    }, 
    "pullrequest": {
      "max": 761, 
      "mean": 145.06027397260274, 
      "median": 102.0, 
      "min": -1, 
      "std": 148.33492900045078
    }
  }
}