{
  "ansible": {
    "issue": {
      "max": 1061, 
      "mean": 238.18698441796516, 
      "median": 211.0, 
      "min": 0, 
      "std": 173.63448089641497
    }, 
    "pullrequest": {
      "max": 810, 
      "mean": 213.46838407494144, 
      "median": 167.0, 
      "min": 0, 
      "std": 180.69889249756847
    }
  }, 
  "ansible-modules-core": {
    "issue": {
      "max": 733, 
      "mean": 269.92694610778443, 
      "median": 234.0, 
      "min": -1, 
      "std": 205.1688264764889
    }, 
    "pullrequest": {
      "max": 726, 
      "mean": 167.04560260586319, 
      "median": 136.0, 
      "min": 1, 
      "std": 136.76796681885673
    }
  }, 
  "ansible-modules-extras": {
    "issue": {
      "max": 716, 
      "mean": 211.04026845637583, 
      "median": 188.5, 
      "min": 2, 
      "std": 163.45563112017393
    }, 
    "pullrequest": {
      "max": 732, 
      "mean": 158.12426035502958, 
      "median": 127.0, 
      "min": 0, 
      "std": 151.5515494256943
    }
  }
}