{
  "ansible": {
    "issue": {
      "max": 1059, 
      "mean": 237.83900643974241, 
      "median": 210.0, 
      "min": -1, 
      "std": 173.29559228539131
    }, 
    "pullrequest": {
      "max": 809, 
      "mean": 213.1670588235294, 
      "median": 167.0, 
      "min": -1, 
      "std": 180.53744039801586
    }
  }, 
  "ansible-modules-core": {
    "issue": {
      "max": 731, 
      "mean": 269.65144230769232, 
      "median": 233.0, 
      "min": -1, 
      "std": 204.89371927866122
    }, 
    "pullrequest": {
      "max": 725, 
      "mean": 163.11217948717947, 
      "median": 133.5, 
      "min": -1, 
      "std": 137.23651997833034
    }
  }, 
  "ansible-modules-extras": {
    "issue": {
      "max": 714, 
      "mean": 209.82550335570471, 
      "median": 187.5, 
      "min": 1, 
      "std": 163.4490348719917
    }, 
    "pullrequest": {
      "max": 730, 
      "mean": 157.73809523809524, 
      "median": 126.0, 
      "min": 0, 
      "std": 151.50238635929918
    }
  }
}