{
  "ansible": {
    "issue": {
      "max": 1057, 
      "mean": 235.67244525547446, 
      "median": 207.0, 
      "min": 0, 
      "std": 174.88540410566915
    }, 
    "pullrequest": {
      "max": 806, 
      "mean": 213.07746478873239, 
      "median": 165.0, 
      "min": 0, 
      "std": 179.82781568762144
    }
  }, 
  "ansible-modules-core": {
    "issue": {
      "max": 729, 
      "mean": 272.98777506112469, 
      "median": 236.0, 
      "min": 0, 
      "std": 203.03427474435568
    }, 
    "pullrequest": {
      "max": 722, 
      "mean": 150.39349112426035, 
      "median": 112.0, 
      "min": 0, 
      "std": 139.14118096975534
    }
  }, 
  "ansible-modules-extras": {
    "issue": {
      "max": 712, 
      "mean": 210.67576791808872, 
      "median": 188.0, 
      "min": 0, 
      "std": 162.3656199207829
    }, 
    "pullrequest": {
      "max": 727, 
      "mean": 158.06042296072508, 
      "median": 125.0, 
      "min": 0, 
      "std": 151.0648886362184
    }
  }
}