{
  "ansible": {
    "issue": {
      "max": 1068, 
      "mean": 241.83121597096189, 
      "median": 214.5, 
      "min": 0, 
      "std": 175.65644731382173
    }, 
    "pullrequest": {
      "max": 817, 
      "mean": 214.88558352402745, 
      "median": 170.0, 
      "min": 0, 
      "std": 182.30319176605767
    }
  }, 
  "ansible-modules-core": {
    "issue": {
      "max": 740, 
      "mean": 266.79877300613498, 
      "median": 232.0, 
      "min": 0, 
      "std": 206.0343797589768
    }, 
    "pullrequest": {
      "max": 733, 
      "mean": 164.49068322981367, 
      "median": 133.5, 
      "min": 0, 
      "std": 139.65548195436463
    }
  }, 
  "ansible-modules-extras": {
    "issue": {
      "max": 723, 
      "mean": 217.61245674740485, 
      "median": 193.0, 
      "min": 2, 
      "std": 165.94774050403174
    }, 
    "pullrequest": {
      "max": 739, 
      "mean": 153.55211267605634, 
      "median": 120.0, 
      "min": 0, 
      "std": 152.11341011820792
    }
  }
}