{
  "ansible": {
    "issue": {
      "max": 1062, 
      "mean": 239.4692378328742, 
      "median": 212.0, 
      "min": -1, 
      "std": 173.75431294425056
    }, 
    "pullrequest": {
      "max": 811, 
      "mean": 214.88028169014083, 
      "median": 168.5, 
      "min": -1, 
      "std": 180.83899989628543
    }
  }, 
  "ansible-modules-core": {
    "issue": {
      "max": 734, 
      "mean": 270.98201438848923, 
      "median": 235.0, 
      "min": 0, 
      "std": 205.29142510315012
    }, 
    "pullrequest": {
      "max": 727, 
      "mean": 168.63725490196077, 
      "median": 139.5, 
      "min": 0, 
      "std": 136.73301516313347
    }
  }, 
  "ansible-modules-extras": {
    "issue": {
      "max": 717, 
      "mean": 212.53040540540542, 
      "median": 189.5, 
      "min": 3, 
      "std": 163.49536862552961
    }, 
    "pullrequest": {
      "max": 733, 
      "mean": 156.81524926686217, 
      "median": 126.0, 
      "min": -1, 
      "std": 151.51118887385883
    }
  }
}