{
  "ansible": {
    "issue": {
      "max": 1061, 
      "mean": 238.97339449541283, 
      "median": 211.0, 
      "min": 0, 
      "std": 173.62458242548016
    }, 
    "pullrequest": {
      "max": 810, 
      "mean": 213.03263403263404, 
      "median": 166.0, 
      "min": -1, 
      "std": 180.88144414814312
    }
  }, 
  "ansible-modules-core": {
    "issue": {
      "max": 733, 
      "mean": 270.84033613445376, 
      "median": 234.0, 
      "min": 0, 
      "std": 205.21202037641422
    }, 
    "pullrequest": {
      "max": 727, 
      "mean": 167.05844155844156, 
      "median": 136.5, 
      "min": -1, 
      "std": 136.88789313114199
    }
  }, 
  "ansible-modules-extras": {
    "issue": {
      "max": 716, 
      "mean": 211.73825503355704, 
      "median": 189.0, 
      "min": 3, 
      "std": 163.45924500670847
    }, 
    "pullrequest": {
      "max": 732, 
      "mean": 156.7764705882353, 
      "median": 126.0, 
      "min": 0, 
      "std": 151.47809987085404
    }
  }
}