{
  "ansible": {
    "issue": {
      "max": 1091, 
      "mean": 248.10483870967741, 
      "median": 223.5, 
      "min": -1, 
      "std": 174.87966864976855
    }, 
    "pullrequest": {
      "max": 840, 
      "mean": 213.58709677419355, 
      "median": 161.0, 
      "min": -1, 
      "std": 187.13993799466363
    }
  }, 
  "ansible-modules-core": {
    "issue": {
      "max": 763, 
      "mean": 262.5916955017301, 
      "median": 234.0, 
      "min": 0, 
      "std": 212.88777214685493
    }, 
    "pullrequest": {
      "max": 757, 
      "mean": 169.82898550724639, 
      "median": 139.0, 
      "min": -1, 
      "std": 145.73910489663456
    }
  }, 
  "ansible-modules-extras": {
    "issue": {
      "max": 746, 
      "mean": 215.21019108280254, 
      "median": 192.0, 
      "min": -1, 
      "std": 173.30599689151617
    }, 
    "pullrequest": {
      "max": 762, 
      "mean": 144.87771739130434, 
      "median": 103.0, 
      "min": -1, 
      "std": 148.32030096179818
    }
  }
}