{
  "ansible": {
    "issue": {
      "max": 1085, 
      "mean": 250.76507092198582, 
      "median": 225.0, 
      "min": 0, 
      "std": 179.05147726409845
    }, 
    "pullrequest": {
      "max": 834, 
      "mean": 212.5032679738562, 
      "median": 161.0, 
      "min": 0, 
      "std": 186.32681916599824
    }
  }, 
  "ansible-modules-core": {
    "issue": {
      "max": 757, 
      "mean": 264.07473309608542, 
      "median": 235.0, 
      "min": 0, 
      "std": 210.81836895251669
    }, 
    "pullrequest": {
      "max": 750, 
      "mean": 169.86486486486487, 
      "median": 137.0, 
      "min": 0, 
      "std": 144.16855874318384
    }
  }, 
  "ansible-modules-extras": {
    "issue": {
      "max": 740, 
      "mean": 217.98371335504885, 
      "median": 191.0, 
      "min": 0, 
      "std": 171.28604300856935
    }, 
    "pullrequest": {
      "max": 755, 
      "mean": 151.44935064935066, 
      "median": 110.0, 
      "min": 0, 
      "std": 152.45128889776998
    }
  }
}