{
  "ansible": {
    "issue": {
      "max": 1057, 
      "mean": 236.18859245630173, 
      "median": 208.0, 
      "min": 0, 
      "std": 173.0037684540622
    }, 
    "pullrequest": {
      "max": 807, 
      "mean": 217.33890214797137, 
      "median": 169.0, 
      "min": 0, 
      "std": 179.42443031943401
    }
  }, 
  "ansible-modules-core": {
    "issue": {
      "max": 730, 
      "mean": 271.78979343863915, 
      "median": 236.0, 
      "min": 0, 
      "std": 203.70633997410059
    }, 
    "pullrequest": {
      "max": 723, 
      "mean": 149.4660766961652, 
      "median": 112.0, 
      "min": -1, 
      "std": 138.34905579218815
    }
  }, 
  "ansible-modules-extras": {
    "issue": {
      "max": 713, 
      "mean": 207.93959731543623, 
      "median": 185.5, 
      "min": 0, 
      "std": 163.45390041100086
    }, 
    "pullrequest": {
      "max": 728, 
      "mean": 158.90332326283988, 
      "median": 126.0, 
      "min": 0, 
      "std": 151.18531581159792
    }
  }
}