{
  "ansible": {
    "issue": {
      "max": 1091, 
      "mean": 249.00979519145147, 
      "median": 226.0, 
      "min": 0, 
      "std": 175.68386895120508
    }, 
    "pullrequest": {
      "max": 840, 
      "mean": 214.06881720430107, 
      "median": 161.0, 
      "min": -1, 
      "std": 187.00827304941237
    }
  }, 
  "ansible-modules-core": {
    "issue": {
      "max": 763, 
      "mean": 261.20114942528738, 
      "median": 230.0, 
      "min": 0, 
      "std": 213.03642179254956
    }, 
    "pullrequest": {
      "max": 756, 
      "mean": 168.92196531791907, 
      "median": 137.5, 
      "min": 0, 
      "std": 145.77061413491566
    }
  }, 
  "ansible-modules-extras": {
    "issue": {
      "max": 746, 
      "mean": 215.3514376996805, 
      "median": 194.0, 
      "min": -1, 
      "std": 173.1214955180121
    }, 
    "pullrequest": {
      "max": 762, 
      "mean": 145.60821917808218, 
      "median": 103.0, 
      "min": 0, 
      "std": 148.37277170862552
    }
  }
}