{
  "ansible": {
    "issue": {
      "max": 1058, 
      "mean": 235.91200733272228, 
      "median": 208.0, 
      "min": -1, 
      "std": 173.2903275676677
    }, 
    "pullrequest": {
      "max": 807, 
      "mean": 216.74821852731591, 
      "median": 168.0, 
      "min": -1, 
      "std": 179.74316138457763
    }
  }, 
  "ansible-modules-core": {
    "issue": {
      "max": 730, 
      "mean": 270.29553679131482, 
      "median": 233.0, 
      "min": -1, 
      "std": 204.39861063799631
    }, 
    "pullrequest": {
      "max": 723, 
      "mean": 149.65976331360946, 
      "median": 112.0, 
      "min": -1, 
      "std": 138.41172044787402
    }
  }, 
  "ansible-modules-extras": {
    "issue": {
      "max": 713, 
      "mean": 208.57046979865771, 
      "median": 186.0, 
      "min": 0, 
      "std": 163.47477916568423
    }, 
    "pullrequest": {
      "max": 729, 
      "mean": 157.90990990990991, 
      "median": 125.0, 
      "min": -1, 
      "std": 151.39437290744968
    }
  }
}