{
  "ansible": {
    "issue": {
      "max": 1111, 
      "mean": 256.86910062333038, 
      "median": 233.0, 
      "min": 0, 
      "std": 176.87825717396933
    }, 
    "pullrequest": {
      "max": 861, 
      "mean": 218.56017505470459, 
      "median": 164.0, 
      "min": -1, 
      "std": 191.47137633196022
    }
  }, 
  "ansible-modules-core": {
    "issue": {
      "max": 784, 
      "mean": 260.18221734357849, 
      "median": 222.0, 
      "min": 0, 
      "std": 218.0727523189789
    }, 
    "pullrequest": {
      "max": 777, 
      "mean": 169.01101928374655, 
      "median": 137.0, 
      "min": 0, 
      "std": 147.73474065900564
    }
  }, 
  "ansible-modules-extras": {
    "issue": {
      "max": 767, 
      "mean": 204.94345238095238, 
      "median": 170.0, 
      "min": -1, 
      "std": 175.84835124532762
    }, 
    "pullrequest": {
      "max": 782, 
      "mean": 150.93175853018371, 
      "median": 99.0, 
      "min": -1, 
      "std": 150.42164906839747
    }
  }
}