{
  "ansible": {
    "issue": {
      "max": 1076, 
      "mean": 246.88050314465409, 
      "median": 220.0, 
      "min": -1, 
      "std": 177.46194334548264
    }, 
    "pullrequest": {
      "max": 826, 
      "mean": 206.70815450643778, 
      "median": 153.5, 
      "min": 0, 
      "std": 185.0835926964769
    }
  }, 
  "ansible-modules-core": {
    "issue": {
      "max": 749, 
      "mean": 265.56152927120667, 
      "median": 231.0, 
      "min": 0, 
      "std": 208.46208231363295
    }, 
    "pullrequest": {
      "max": 742, 
      "mean": 169.7076923076923, 
      "median": 136.0, 
      "min": 0, 
      "std": 141.23910148036998
    }
  }, 
  "ansible-modules-extras": {
    "issue": {
      "max": 731, 
      "mean": 213.92105263157896, 
      "median": 186.5, 
      "min": 3, 
      "std": 168.80579102359758
    }, 
    "pullrequest": {
      "max": 747, 
      "mean": 152.10160427807486, 
      "median": 110.5, 
      "min": 0, 
      "std": 152.97104108030055
    }
  }
}