{
  "ansible": {
    "issue": {
      "max": 1086, 
      "mean": 251.13793103448276, 
      "median": 226.0, 
      "min": 0, 
      "std": 179.33602482234082
    }, 
    "pullrequest": {
      "max": 835, 
      "mean": 212.46405228758169, 
      "median": 160.0, 
      "min": 0, 
      "std": 186.3209459377174
    }
  }, 
  "ansible-modules-core": {
    "issue": {
      "max": 758, 
      "mean": 261.06067677946322, 
      "median": 231.0, 
      "min": 0, 
      "std": 211.93656402361785
    }, 
    "pullrequest": {
      "max": 751, 
      "mean": 167.23167155425219, 
      "median": 136.0, 
      "min": 0, 
      "std": 144.85778947942609
    }
  }, 
  "ansible-modules-extras": {
    "issue": {
      "max": 741, 
      "mean": 215.23076923076923, 
      "median": 190.5, 
      "min": 0, 
      "std": 172.52643224296156
    }, 
    "pullrequest": {
      "max": 757, 
      "mean": 143.90581717451525, 
      "median": 100.0, 
      "min": 0, 
      "std": 147.75339563556281
    }
  }
}