{
  "ansible": {
    "issue": {
      "max": 1059, 
      "mean": 237.49816176470588, 
      "median": 209.5, 
      "min": -1, 
      "std": 173.33468666012027
    }, 
    "pullrequest": {
      "max": 808, 
      "mean": 211.65420560747663, 
      "median": 165.0, 
      "min": -1, 
      "std": 180.6553931673331
    }
  }, 
  "ansible-modules-core": {
    "issue": {
      "max": 731, 
      "mean": 269.64182692307691, 
      "median": 233.0, 
      "min": -1, 
      "std": 204.77133489983979
    }, 
    "pullrequest": {
      "max": 725, 
      "mean": 153.42168674698794, 
      "median": 117.0, 
      "min": -1, 
      "std": 138.26749615705214
    }
  }, 
  "ansible-modules-extras": {
    "issue": {
      "max": 714, 
      "mean": 209.72147651006711, 
      "median": 187.0, 
      "min": 1, 
      "std": 163.46167051232217
    }, 
    "pullrequest": {
      "max": 730, 
      "mean": 157.63095238095238, 
      "median": 126.0, 
      "min": 0, 
      "std": 151.49666268223493
    }
  }
}