{
  "ansible": {
    "issue": {
      "max": 1084, 
      "mean": 252.50402864816473, 
      "median": 227.0, 
      "min": 0, 
      "std": 178.11112590424642
    }, 
    "pullrequest": {
      "max": 833, 
      "mean": 213.15250544662308, 
      "median": 161.0, 
      "min": 0, 
      "std": 187.23081955756558
    }
  }, 
  "ansible-modules-core": {
    "issue": {
      "max": 756, 
      "mean": 264.01070154577883, 
      "median": 234.0, 
      "min": 0, 
      "std": 210.59400984873469
    }, 
    "pullrequest": {
      "max": 749, 
      "mean": 171.15197568389058, 
      "median": 136.0, 
      "min": 0, 
      "std": 143.82218844181847
    }
  }, 
  "ansible-modules-extras": {
    "issue": {
      "max": 739, 
      "mean": 217.94771241830065, 
      "median": 192.5, 
      "min": 0, 
      "std": 171.14576560056128
    }, 
    "pullrequest": {
      "max": 755, 
      "mean": 151.65116279069767, 
      "median": 110.0, 
      "min": 0, 
      "std": 154.25183197163844
    }
  }
}