{
  "ansible": {
    "issue": {
      "max": 1082, 
      "mean": 251.52014324082364, 
      "median": 225.0, 
      "min": -1, 
      "std": 177.93942617739657
    }, 
    "pullrequest": {
      "max": 831, 
      "mean": 207.79104477611941, 
      "median": 153.0, 
      "min": 0, 
      "std": 186.9064137755104
    }
  }, 
  "ansible-modules-core": {
    "issue": {
      "max": 754, 
      "mean": 264.10520094562645, 
      "median": 233.5, 
      "min": 1, 
      "std": 210.71943532128861
    }, 
    "pullrequest": {
      "max": 747, 
      "mean": 170.84097859327218, 
      "median": 136.0, 
      "min": 0, 
      "std": 143.25772556980581
    }
  }, 
  "ansible-modules-extras": {
    "issue": {
      "max": 737, 
      "mean": 214.48874598070739, 
      "median": 189.0, 
      "min": 1, 
      "std": 170.29370987368617
    }, 
    "pullrequest": {
      "max": 753, 
      "mean": 149.41326530612244, 
      "median": 107.5, 
      "min": 0, 
      "std": 153.17812636097958
    }
  }
}