{
  "ansible": {
    "issue": {
      "max": 1061, 
      "mean": 237.96153846153845, 
      "median": 211.0, 
      "min": 0, 
      "std": 173.65491543933098
    }, 
    "pullrequest": {
      "max": 810, 
      "mean": 213.41217798594849, 
      "median": 167.0, 
      "min": 0, 
      "std": 180.7085550430532
    }
  }, 
  "ansible-modules-core": {
    "issue": {
      "max": 733, 
      "mean": 269.87664670658683, 
      "median": 234.0, 
      "min": 0, 
      "std": 205.15594855396901
    }, 
    "pullrequest": {
      "max": 726, 
      "mean": 166.99348534201954, 
      "median": 136.0, 
      "min": 1, 
      "std": 136.79393174450206
    }
  }, 
  "ansible-modules-extras": {
    "issue": {
      "max": 716, 
      "mean": 211.0, 
      "median": 188.5, 
      "min": 2, 
      "std": 163.45237181622355
    }, 
    "pullrequest": {
      "max": 731, 
      "mean": 158.03254437869822, 
      "median": 127.0, 
      "min": 0, 
      "std": 151.54826834737594
    }
  }
}