{
  "ansible": {
    "issue": {
      "max": 1083, 
      "mean": 252.28290062667861, 
      "median": 226.0, 
      "min": 0, 
      "std": 178.1153263333762
    }, 
    "pullrequest": {
      "max": 832, 
      "mean": 209.12179487179486, 
      "median": 155.0, 
      "min": -1, 
      "std": 186.9446765465284
    }
  }, 
  "ansible-modules-core": {
    "issue": {
      "max": 755, 
      "mean": 264.27586206896552, 
      "median": 234.0, 
      "min": -1, 
      "std": 210.41296804729799
    }, 
    "pullrequest": {
      "max": 748, 
      "mean": 170.8780487804878, 
      "median": 136.5, 
      "min": -1, 
      "std": 143.72168991592849
    }
  }, 
  "ansible-modules-extras": {
    "issue": {
      "max": 738, 
      "mean": 215.22258064516129, 
      "median": 190.0, 
      "min": 0, 
      "std": 170.94597941224367
    }, 
    "pullrequest": {
      "max": 754, 
      "mean": 149.40862944162436, 
      "median": 108.0, 
      "min": 0, 
      "std": 153.33910540149142
    }
  }
}