{
  "ansible": {
    "issue": {
      "max": 1090, 
      "mean": 250.20301418439718, 
      "median": 226.5, 
      "min": 0, 
      "std": 176.84482146062268
    }, 
    "pullrequest": {
      "max": 839, 
      "mean": 214.98268398268399, 
      "median": 162.5, 
      "min": -1, 
      "std": 186.83570265539623
    }
  }, 
  "ansible-modules-core": {
    "issue": {
      "max": 762, 
      "mean": 261.09321058688147, 
      "median": 230.0, 
      "min": -1, 
      "std": 212.97803862521283
    }, 
    "pullrequest": {
      "max": 756, 
      "mean": 170.4795321637427, 
      "median": 140.0, 
      "min": 0, 
      "std": 145.39908134483341
    }
  }, 
  "ansible-modules-extras": {
    "issue": {
      "max": 745, 
      "mean": 215.7051282051282, 
      "median": 194.0, 
      "min": 0, 
      "std": 172.96956594422119
    }, 
    "pullrequest": {
      "max": 761, 
      "mean": 145.16438356164383, 
      "median": 103.0, 
      "min": -1, 
      "std": 148.33121155208843
    }
  }
}