{
  "ansible": {
    "issue": {
      "max": 1062, 
      "mean": 239.38405132905592, 
      "median": 212.0, 
      "min": -1, 
      "std": 173.96446027708862
    }, 
    "pullrequest": {
      "max": 811, 
      "mean": 213.19999999999999, 
      "median": 167.0, 
      "min": -1, 
      "std": 181.1863155159146
    }
  }, 
  "ansible-modules-core": {
    "issue": {
      "max": 734, 
      "mean": 272.34337349397589, 
      "median": 236.0, 
      "min": 0, 
      "std": 205.3167025833599
    }, 
    "pullrequest": {
      "max": 728, 
      "mean": 168.3973941368078, 
      "median": 138.0, 
      "min": -1, 
      "std": 136.90032416113723
    }
  }, 
  "ansible-modules-extras": {
    "issue": {
      "max": 717, 
      "mean": 213.53898305084746, 
      "median": 191.0, 
      "min": 4, 
      "std": 163.48342891916968
    }, 
    "pullrequest": {
      "max": 733, 
      "mean": 156.69883040935673, 
      "median": 126.5, 
      "min": -1, 
      "std": 151.51021407612191
    }
  }
}