{
  "ansible": {
    "issue": {
      "max": 1084, 
      "mean": 250.51020408163265, 
      "median": 224.0, 
      "min": 0, 
      "std": 178.89901290087096
    }, 
    "pullrequest": {
      "max": 833, 
      "mean": 212.88478260869564, 
      "median": 161.0, 
      "min": -1, 
      "std": 187.30061220841856
    }
  }, 
  "ansible-modules-core": {
    "issue": {
      "max": 756, 
      "mean": 264.26872770511295, 
      "median": 234.0, 
      "min": 0, 
      "std": 210.565986809072
    }, 
    "pullrequest": {
      "max": 749, 
      "mean": 170.82424242424241, 
      "median": 136.5, 
      "min": 0, 
      "std": 143.89608841379155
    }
  }, 
  "ansible-modules-extras": {
    "issue": {
      "max": 739, 
      "mean": 217.51465798045604, 
      "median": 191.0, 
      "min": 0, 
      "std": 171.25973839058807
    }, 
    "pullrequest": {
      "max": 755, 
      "mean": 151.84237726098192, 
      "median": 110.0, 
      "min": 0, 
      "std": 154.25415606756295
    }
  }
}