{
  "ansible": {
    "issue": {
      "max": 1090, 
      "mean": 249.78063943161635, 
      "median": 226.5, 
      "min": 0, 
      "std": 176.34960135680214
    }, 
    "pullrequest": {
      "max": 840, 
      "mean": 214.3469827586207, 
      "median": 161.5, 
      "min": -1, 
      "std": 186.95413147448497
    }
  }, 
  "ansible-modules-core": {
    "issue": {
      "max": 763, 
      "mean": 261.03103448275863, 
      "median": 230.0, 
      "min": 0, 
      "std": 213.02442837110934
    }, 
    "pullrequest": {
      "max": 756, 
      "mean": 168.73410404624278, 
      "median": 137.5, 
      "min": -1, 
      "std": 145.77841227120314
    }
  }, 
  "ansible-modules-extras": {
    "issue": {
      "max": 746, 
      "mean": 215.90384615384616, 
      "median": 194.0, 
      "min": 0, 
      "std": 172.94184508116854
    }, 
    "pullrequest": {
      "max": 761, 
      "mean": 145.39178082191782, 
      "median": 103.0, 
      "min": 0, 
      "std": 148.36281865697475
    }
  }
}