{
  "ansible": {
    "issue": {
      "max": 1061, 
      "mean": 238.16391941391942, 
      "median": 211.0, 
      "min": 0, 
      "std": 173.69876681186946
    }, 
    "pullrequest": {
      "max": 810, 
      "mean": 213.62763466042153, 
      "median": 167.0, 
      "min": -1, 
      "std": 180.71910607874119
    }
  }, 
  "ansible-modules-core": {
    "issue": {
      "max": 733, 
      "mean": 270.12215568862274, 
      "median": 234.0, 
      "min": 0, 
      "std": 205.16940142618867
    }, 
    "pullrequest": {
      "max": 726, 
      "mean": 166.6883116883117, 
      "median": 135.5, 
      "min": -1, 
      "std": 136.88029273313248
    }
  }, 
  "ansible-modules-extras": {
    "issue": {
      "max": 716, 
      "mean": 211.29865771812081, 
      "median": 188.5, 
      "min": 2, 
      "std": 163.47308974881395
    }, 
    "pullrequest": {
      "max": 732, 
      "mean": 158.34319526627218, 
      "median": 127.5, 
      "min": 0, 
      "std": 151.53740910752381
    }
  }
}