{
  "ansible": {
    "issue": {
      "max": 1087, 
      "mean": 251.00176522506621, 
      "median": 225.0, 
      "min": 0, 
      "std": 179.65959770408287
    }, 
    "pullrequest": {
      "max": 836, 
      "mean": 213.96280087527353, 
      "median": 163.0, 
      "min": 0, 
      "std": 186.20703500504951
    }
  }, 
  "ansible-modules-core": {
    "issue": {
      "max": 759, 
      "mean": 260.07076566125289, 
      "median": 231.0, 
      "min": 0, 
      "std": 212.26139786759103
    }, 
    "pullrequest": {
      "max": 752, 
      "mean": 167.81231671554252, 
      "median": 137.0, 
      "min": 0, 
      "std": 144.87478655003184
    }
  }, 
  "ansible-modules-extras": {
    "issue": {
      "max": 742, 
      "mean": 213.64126984126983, 
      "median": 190.0, 
      "min": 0, 
      "std": 172.99984827493176
    }, 
    "pullrequest": {
      "max": 757, 
      "mean": 143.2335164835165, 
      "median": 99.0, 
      "min": 0, 
      "std": 147.74105977952507
    }
  }
}