{
  "ansible": {
    "issue": {
      "max": 1060, 
      "mean": 237.87545787545787, 
      "median": 211.0, 
      "min": -1, 
      "std": 173.64395876620395
    }, 
    "pullrequest": {
      "max": 810, 
      "mean": 213.33255269320844, 
      "median": 167.0, 
      "min": 0, 
      "std": 180.69485176823562
    }
  }, 
  "ansible-modules-core": {
    "issue": {
      "max": 733, 
      "mean": 269.80958083832337, 
      "median": 234.0, 
      "min": -1, 
      "std": 205.1596040689796
    }, 
    "pullrequest": {
      "max": 726, 
      "mean": 166.90553745928338, 
      "median": 136.0, 
      "min": 1, 
      "std": 136.78526718134066
    }
  }, 
  "ansible-modules-extras": {
    "issue": {
      "max": 716, 
      "mean": 210.9496644295302, 
      "median": 188.5, 
      "min": 2, 
      "std": 163.45278493366808
    }, 
    "pullrequest": {
      "max": 731, 
      "mean": 157.94674556213019, 
      "median": 127.0, 
      "min": 0, 
      "std": 151.57423476057792
    }
  }
}