{
  "ansible": {
    "issue": {
      "max": 1059, 
      "mean": 236.31164069660861, 
      "median": 209.0, 
      "min": 0, 
      "std": 173.41252227009508
    }, 
    "pullrequest": {
      "max": 808, 
      "mean": 210.98375870069606, 
      "median": 165.0, 
      "min": -1, 
      "std": 180.17907363544575
    }
  }, 
  "ansible-modules-core": {
    "issue": {
      "max": 731, 
      "mean": 269.81129807692309, 
      "median": 232.5, 
      "min": -1, 
      "std": 204.66583744382996
    }, 
    "pullrequest": {
      "max": 724, 
      "mean": 150.20414201183431, 
      "median": 112.5, 
      "min": 0, 
      "std": 138.41889208842034
    }
  }, 
  "ansible-modules-extras": {
    "issue": {
      "max": 714, 
      "mean": 208.98993288590603, 
      "median": 186.5, 
      "min": 0, 
      "std": 163.45385993662987
    }, 
    "pullrequest": {
      "max": 729, 
      "mean": 157.4358208955224, 
      "median": 125.0, 
      "min": 0, 
      "std": 151.47758191013301
    }
  }
}