{
  "ansible": {
    "issue": {
      "max": 1090, 
      "mean": 250.29875886524823, 
      "median": 226.5, 
      "min": 0, 
      "std": 176.86618012559225
    }, 
    "pullrequest": {
      "max": 840, 
      "mean": 214.62634989200865, 
      "median": 161.0, 
      "min": -1, 
      "std": 186.90089517939217
    }
  }, 
  "ansible-modules-core": {
    "issue": {
      "max": 762, 
      "mean": 260.8862068965517, 
      "median": 230.0, 
      "min": -1, 
      "std": 213.04061923007595
    }, 
    "pullrequest": {
      "max": 756, 
      "mean": 168.54335260115607, 
      "median": 137.0, 
      "min": -1, 
      "std": 145.78257872352339
    }
  }, 
  "ansible-modules-extras": {
    "issue": {
      "max": 745, 
      "mean": 215.78525641025641, 
      "median": 194.0, 
      "min": 0, 
      "std": 172.94508365985354
    }, 
    "pullrequest": {
      "max": 761, 
      "mean": 145.24109589041095, 
      "median": 103.0, 
      "min": 0, 
      "std": 148.33875322513691
    }
  }
}