{
  "ansible": {
    "issue": {
      "max": 1059, 
      "mean": 236.87064220183487, 
      "median": 209.0, 
      "min": 0, 
      "std": 173.35480602264019
    }, 
    "pullrequest": {
      "max": 808, 
      "mean": 212.48591549295776, 
      "median": 166.0, 
      "min": -1, 
      "std": 180.35726422679275
    }
  }, 
  "ansible-modules-core": {
    "issue": {
      "max": 731, 
      "mean": 269.647412755716, 
      "median": 232.0, 
      "min": -1, 
      "std": 204.66842573025136
    }, 
    "pullrequest": {
      "max": 724, 
      "mean": 149.59411764705882, 
      "median": 112.5, 
      "min": -1, 
      "std": 138.51438647128165
    }
  }, 
  "ansible-modules-extras": {
    "issue": {
      "max": 714, 
      "mean": 209.37919463087249, 
      "median": 186.5, 
      "min": 0, 
      "std": 163.4660253579662
    }, 
    "pullrequest": {
      "max": 730, 
      "mean": 157.375, 
      "median": 126.0, 
      "min": 0, 
      "std": 151.47360242676893
    }
  }
}