{
  "ansible": {
    "issue": {
      "max": 1060, 
      "mean": 237.74311926605503, 
      "median": 210.0, 
      "min": 0, 
      "std": 173.51942511725446
    }, 
    "pullrequest": {
      "max": 809, 
      "mean": 212.21962616822429, 
      "median": 166.0, 
      "min": -1, 
      "std": 180.80025480672865
    }
  }, 
  "ansible-modules-core": {
    "issue": {
      "max": 732, 
      "mean": 269.5503597122302, 
      "median": 233.0, 
      "min": -1, 
      "std": 205.08277086957955
    }, 
    "pullrequest": {
      "max": 725, 
      "mean": 164.22829581993568, 
      "median": 134.0, 
      "min": 0, 
      "std": 137.10876278628982
    }
  }, 
  "ansible-modules-extras": {
    "issue": {
      "max": 715, 
      "mean": 210.39261744966444, 
      "median": 187.5, 
      "min": 1, 
      "std": 163.46077935838608
    }, 
    "pullrequest": {
      "max": 731, 
      "mean": 158.38392857142858, 
      "median": 127.0, 
      "min": 1, 
      "std": 151.47358988346903
    }
  }
}