{
  "ansible": {
    "issue": {
      "max": 1059, 
      "mean": 237.95676172953083, 
      "median": 210.0, 
      "min": 0, 
      "std": 173.2898539310313
    }, 
    "pullrequest": {
      "max": 809, 
      "mean": 213.31764705882352, 
      "median": 167.0, 
      "min": 0, 
      "std": 180.5212721221001
    }
  }, 
  "ansible-modules-core": {
    "issue": {
      "max": 732, 
      "mean": 269.77403846153845, 
      "median": 233.0, 
      "min": 0, 
      "std": 204.88573128378371
    }, 
    "pullrequest": {
      "max": 725, 
      "mean": 163.80707395498393, 
      "median": 134.0, 
      "min": 0, 
      "std": 137.1395705655772
    }
  }, 
  "ansible-modules-extras": {
    "issue": {
      "max": 715, 
      "mean": 209.93288590604027, 
      "median": 187.5, 
      "min": 1, 
      "std": 163.4539799129702
    }, 
    "pullrequest": {
      "max": 730, 
      "mean": 157.88392857142858, 
      "median": 126.0, 
      "min": 0, 
      "std": 151.52263379189591
    }
  }
}