{
  "ansible": {
    "issue": {
      "max": 1057, 
      "mean": 235.65564738292011, 
      "median": 208.0, 
      "min": 0, 
      "std": 173.12136824504998
    }, 
    "pullrequest": {
      "max": 807, 
      "mean": 216.67142857142858, 
      "median": 168.5, 
      "min": -1, 
      "std": 179.53810218461825
    }
  }, 
  "ansible-modules-core": {
    "issue": {
      "max": 729, 
      "mean": 271.66585662211423, 
      "median": 236.0, 
      "min": 0, 
      "std": 203.71590273869256
    }, 
    "pullrequest": {
      "max": 723, 
      "mean": 149.75443786982248, 
      "median": 111.0, 
      "min": -1, 
      "std": 138.30173062302245
    }
  }, 
  "ansible-modules-extras": {
    "issue": {
      "max": 712, 
      "mean": 207.82885906040269, 
      "median": 185.5, 
      "min": 0, 
      "std": 163.44475773662538
    }, 
    "pullrequest": {
      "max": 728, 
      "mean": 158.76737160120845, 
      "median": 126.0, 
      "min": -1, 
      "std": 151.16159584780343
    }
  }
}